artist,genre,Start,End,Location,Hotttnesss,Discovery,Familiarity
Jeezy,rap,"Atlanta, GA",2000,9999,0.743348,0.558512,0.3041665645729219
Mr. Lil One,rap,"San Diego, CA",2011,9999,0.382153,0.475323,0.45499379752462293
Play-N-Skillz,rap,"Irving, TX",2003,9999,0.406046,0.49978,0.4744723030981516
The Diplomats,rap,"New York, NY",1997,9999,0.550765,0.532408,0.41117861846045517
J-Live,rap,"New York, NY, US",1995,9999,0.568388,0.533921,0.40131222679494694
2Pac,rap,"Marin City, CA",1988,1996,0.826265,0.737765,0.3222941696241638
Bow Wow,rap,"Columbus, OH, US",1993,9999,0.705064,0.646305,0.38206778036898753
Bone Thugs‐N‐Harmony,rap,Cleveland Ohio,1992,9999,0.729536,0.647087,0.36337640679756616
Tinchy Stryder,rap,"London, England",1997,9999,0.54396,0.584131,0.45580171407669734
MED,rap,"Oxnard, CA, US",1999,9999,0.464539,0.532628,0.46637954036654256
Mistah F.A.B.,rap,"North Oakland, CA",1998,9999,0.547772,0.529427,0.4107398724604812
Thaitanium,rap,"Bangkok, Thailand",2000,9999,0.439043,0.53177,0.482464555921119
N.O.R.E.,rap,"Queens, New York, NY, US",1995,9999,0.572262,0.563991,0.42135765364660993
Snoop Dogg,rap,"Long Beach, CA, US",1992,9999,0.833967,0.740457,0.3155089325390489
Vybz Kartel,rap,"Kingston, Saint Andrew, JM",1993,9999,0.643894,0.576239,0.38232976189883977
Clipse,rap,"Virginia Beach, VA",1992,2014,0.621412,0.574936,0.3965645684759379
Too $hort,rap,"California, US",1982,9999,0.684611,0.576441,0.35482951369298626
Crime Mob,rap,"Atlanta, GA",2004,9999,0.458845,0.550714,0.4860789127267632
Klub des Loosers,rap,"Paris, France",2000,9999,0.406813,0.547858,0.5195709365771608
Lil' Troy,rap,"Houston, TX",1988,9999,0.446225,0.558493,0.5016908672441414
Big Pun,rap,"Bronx, New York, NY, US",1989,2000,0.682528,0.610774,0.3774720332126141
Jamie Foxx,rap,"Terrell, Texas ",1994,9999,0.718592,0.647667,0.3723164531738032
GZA,rap,"New York, NY, US",1989,9999,0.667014,0.612203,0.3895767842626179
Diddy,rap,"New York, NY, US",1990,9999,0.740405,0.626909,0.34369135726370187
Gucci Mane,rap,"Atlanta, GA",2005,9999,0.755195,0.633054,0.335446518710954
Lil Wayne,rap,"New Orleans, LA",1996,9999,0.870569,0.709212,0.26404054971193697
Trina,rap,"Miami, Florida",1998,9999,0.646425,0.630601,0.4165300268891582
Drake,rap,"Toronto, Canada",2001,9999,0.866846,0.957801,0.36206137358541407
Frankie Cutlass,rap,Puerto Rico,1987,9999,0.374501,0.43242,0.4139257261390622
Too Phat,rap,Malaysia,1999,2006,0.362635,0.441254,0.42238190269128567
Mr. Cheeks,rap,"South Jamaica, New York, NY, US",1991,9999,0.421413,0.473933,0.44056448901015094
Young Gunz,rap,"Philadelphia, PA, US",1995,9999,0.442923,0.495865,0.4474778016487792
Pep Love,rap,"Oakland, CA, US",1993,9999,0.409851,0.495351,0.4678279049600891
JT the Bigga Figga,rap,"San Francisco, CA",1992,9999,0.373857,0.480342,0.4597981387195074
Daddy Yankee,rap,"San Juan, San Juan, PR",1990,9999,0.6932,0.873101,0.5285231075688906
Jay-Z,rap,"Brooklyn, NY",1995,9999,0.877948,0.768111,0.27712515873074856
L.O.C.,rap,"Aarhus, Denmark",1997,9999,0.477094,0.565975,0.486883835989284
8Ball and MJG,rap,"Memphis, TN",1991,9999,0.573367,0.522676,0.38981583910796513
Strange Fruit Project,rap,"Waco, TX",2003,9999,0.436759,0.510744,0.464853848267361
Despo Rutti,rap,France,2000,9999,0.37372,0.518836,0.4966457796750531
Kurtis Blow,rap,"Harlem, New York, NY, US",1979,9999,0.559317,0.517011,0.39409632155817204
Sagopa Kajmer,rap,"Istanbul, Turkey",1996,9999,0.495225,0.583533,0.4891743858379944
Baby Bash,rap,"Houston, TX",1995,9999,0.610826,0.742031,0.5209792936775213
T.O.K.,rap,"Kingston, Saint Andrew, JM",1996,9999,0.538273,0.578224,0.45506978669445686
The Streets,rap,"Birmingham, England, GB",1994,2011,0.665892,0.576993,0.36793327750829347
Trae,rap,"Houston, TX, US",1998,9999,0.629257,0.601645,0.40947921602115667
Raekwon,rap,"Staten Island, New York, NY, US",1992,9999,0.688971,0.601357,0.367052519371172
Gabriel o Pensador,rap,Brazil,1992,9999,0.434862,0.614997,0.5612084485184256
Lupe Fiasco,rap,"Chicago, IL, US",2000,9999,0.763628,0.61652,0.320160040657413
Missy Elliott,rap,"Portsmouth, VA",1990,9999,0.742712,0.670962,0.36593391994113306
Casper,rap,"Bielefeld, North Rhine-Westphalia, DE",2003,9999,0.563909,0.612828,0.46383525415157534
Mystikal,rap,"New Orleans, LA",1993,9999,0.632772,0.62354,0.4218215200625954
New Boyz,rap,"Hesperia, CA",2009,9999,0.540754,0.617208,0.4839441367927467
Yo Gotti,rap,"Memphis, TN",2000,9999,0.704153,0.627843,0.37183978055548633
Mac Dre,rap,"San Francisco, CA",1988,2004,0.610761,0.604613,0.424544059111611
Army of the Pharaohs,rap,"Philadelphia, PA, US",1998,9999,0.501707,0.599861,0.49818771870866824
Chingy,rap,"St. Louis, MO, US",1997,9999,0.543934,0.579567,0.45225814204924586
Braille,rap,"Portland, OR, US",1994,9999,0.550852,0.540793,0.41759904794422525
Kollegah,rap,"Friedburg, Hesse, DE",2003,9999,0.465539,0.637575,0.5574897630798302
Ludacris,rap,"atlanta, georgia",1997,9999,0.789542,0.658605,0.3201540134455864
Wu-Tang Clan,rap,"Staten Island, NY",1992,9999,0.808422,0.654723,0.3019338574539628
Wiz Khalifa,rap,"Pittsburgh, PA, US",2005,9999,0.80247,0.944784,0.44320421430425166
Soulja Boy,rap,"Chicago, IL, US",2005,9999,0.726422,0.645438,0.3649003959237041
Nelly,rap,"Saint Louis, MO ",1993,9999,0.755927,0.867566,0.4589173771593309
Macklemore,rap,"Seattle, WA, US",2000,9999,0.673781,0.849729,0.5339450838017132
Pharrell Williams,rap,"Virginia Beach, Virginia",1992,9999,0.773245,0.908311,0.460612499995937
Plies,rap,"Fort Myers, FL",2004,9999,0.680884,0.602396,0.3734677027807475
Aaron Nadeau,rap,"Bath, ME",9999,9999,0.156624,0.176015,0.03516610390073186
Earthvibe,rap,none,9999,9999,0.028009,0.081068,0.0
Da Chosen 1,rap,none,9999,9999,0.057227,0.0,0.0
Yes I Can,rap,"New Canton, IL, US",9999,9999,0.254363,0.105467,0.03822402274779887
4.0,rap,"Indianapolis, IN, US",9999,9999,0.308122,0.180783,0.17305104886128783
Don Dinero,rap,"Carolina, Carolina, PR",2000,9999,0.346421,0.422707,0.40462814374696954
Volume 10,rap,"Los Angeles, CA, US",1993,9999,0.367924,0.387432,0.37086182861456257
Truth Universal,rap,"Diego Martin, Diego Martin, TT",2000,2010,0.336999,0.372729,0.3567876647196857
은지원,rap,South Korea,1997,9999,0.31394,0.370576,0.3547267468889254
Misfits of Science,rap,New Zealand,2004,2008,0.20635,0.353088,0.337986695321653
Lifeseeker,rap,"Woodstock, NY, US",9999,9999,0.296081,0.352803,0.3377138845544599
The Notorious MSG,rap,"New York, NY, US",2002,9999,0.308236,0.437275,0.41857308148896544
Hyjak n Torcha,rap,"Sydney, New South Wales, AU",2000,9999,0.318438,0.413126,0.39545691581547154
Dee Dee King,rap,"Fort Lee, VA, US",1966,2002,0.32844,0.420949,0.40294533206723115
I.M.P.,rap,"Elsenfeld, Bavaria, DE",1990,2000,0.327998,0.404401,0.3871050774163149
Ken Kaniff,rap,"Bristol, CT, US",1992,9999,0.346904,0.395005,0.3781109371758019
the great Luke Ski,rap,"Lake Geneva, WI, US",1996,9999,0.336168,0.388879,0.37224694152729376
The Perceptionists,rap,"Boston, MA, US",2004,9999,0.329868,0.389268,0.3726193042937433
Zuby,rap,"Oxford, England, GB",2006,9999,0.306935,0.343371,0.328685284006512
Brandhärd,rap,"Basel, Canton of Basel-City, CH",1990,2010,0.349418,0.481254,0.46067113317452535
B-Legit,rap,"Vallejo, CA, US",1988,9999,0.461729,0.481121,0.42294261552580037
Killa C,rap,"Billings, MT",2000,2010,0.37477,0.461641,0.44189696623783087
Lil' O,rap,"Illinois, US",1990,9999,0.326416,0.462727,0.4429365188454508
Cali Life Style,rap,"Santa Maria, CA, US",1990,2010,0.368046,0.463459,0.44363721176329407
Young Sid,rap,"Manukau City, Auckland, NZ",2005,9999,0.355989,0.444056,0.4250640632866366
Slimm Calhoun,rap,"College Park, GA, US",1994,2001,0.319442,0.439918,0.42110304239314544
Seremoniamestari,rap,Espoo Finland,2003,9999,0.282387,0.449227,0.4300139035573574
Mad Rad,rap,"Seattle, WA, US",9999,9999,0.333105,0.452219,0.43287793799750374
Abluka Alarm,rap,"Samsun, Samsun, TR",9999,9999,0.376227,0.442249,0.42333434729955627
Coo Coo Cal,rap,"Milwaukee, WI, US",1997,9999,0.374582,0.442399,0.4234779319138684
Fuzati,rap,"Ile-de-France, FR",1999,9999,0.302696,0.45267,0.4333096490712023
Z-Ro,rap,"Houston, TX, US",1994,9999,0.458049,0.498466,0.4404530628312439
Sticky Fingaz,rap,United States,1988,9999,0.533596,0.490517,0.3887533000116717
El da Sensei,rap,"Newark, NJ, US",1989,9999,0.473046,0.490516,0.4243920630775995
Young Maylay,rap,"Los Angeles, CA, US",2000,9999,0.303944,0.49779,0.4764999010562966
Grammatik,rap,"Warsaw, Masovian, PL",1997,2008,0.409259,0.493827,0.4667663335493949
King Gordy,rap,United States,2000,9999,0.389667,0.49255,0.47148401186299216
The Click,rap,"Vallejo, CA, US",1986,2001,0.45438,0.48529,0.43101331984736424
Le Klub des 7,rap,"Paris, Ile-de-France, FR",1999,9999,0.357504,0.483174,0.46250901623772084
Blowfly,rap,"Cochran, GA, US",1970,9999,0.365715,0.47387,0.4536029412273193
DJ Tomekk,rap,"Brighton, England, GB",1999,9999,0.411179,0.473721,0.4465876776235953
Kilo Ali,rap,"Atlanta, GA, US",1990,9999,0.321637,0.472461,0.4522542030835472
Kno,rap,"Atlanta, GA",2010,9999,0.510552,0.472775,0.3876359421787089
Axe Murder Boyz,rap,"Denver, CO",1999,9999,0.42512,0.500342,0.4627511108039966
Moka Only,rap,"Vancouver, British Columbia, CA",1989,9999,0.521749,0.501906,0.40482651799110253
D.R.S.,rap,"Sacramento, CA, US",1992,1995,0.318969,0.496082,0.4748649509146623
Smashproof,rap,"Auckland, New Zealand",2001,2002,0.359758,0.476275,0.4559050812101241
Qwel,rap,"Chicago, IL, US",1999,9999,0.416838,0.477053,0.4462569134128439
Eternia,rap,"Toronto, Ontario, CA",1997,9999,0.415845,0.471029,0.4412218639712762
Grafh,rap,"South Jamaica, New York, NY, US",2000,9999,0.457479,0.503197,0.4449878636976589
T-Bone,rap,"Thaba Nchu, Free State, ZA",1989,9999,0.521094,0.499633,0.40338204705970604
LSD,rap,"North Wales, PA, US",1990,1990,0.546914,0.489102,0.3799487481669742
Uncle Murda,rap,"Brooklyn, New York, NY, US",1999,9999,0.475553,0.491211,0.42349024772175814
Ace Hood,rap,"Deerfield Beach, Florida",2006,9999,0.620983,0.738011,0.5094155730304738
박재범,rap,"Seattle, Washington, U.S. ",2006,9999,0.478029,0.752656,0.6466203791501349
Don Omar,rap,"Santurce, Puerto Rico",1999,9999,0.554635,0.785194,0.6028352384052951
Karpe Diem,rap,Norway,2000,9999,0.346658,0.566958,0.5427096384079145
Kinto Sol,rap,"Milwaukee, WI",2000,9999,0.442609,0.579739,0.5233950081532984
Lady Sovereign,rap,"Wembley, London, England",2003,2009,0.540893,0.558839,0.43808622202302255
Lil Rob,rap,"Los Angeles, CA, US",1992,9999,0.459445,0.540963,0.4770717210306946
Potluck,rap,"Humboldt, CA, US",2000,9999,0.531599,0.539088,0.42852099126839643
Jaa9 & OnklP,rap,Lillehammer Norway ,2003,9999,0.378063,0.538011,0.5150006795379561
Marwan,rap,"Illinois, US",2010,9999,0.40033,0.534274,0.5111933162945598
Dälek,rap,"Newark, NJ",2015,9999,0.537181,0.534063,0.4210029785625473
La Rumeur,rap,France,1997,1997,0.473795,0.513908,0.444160591130142
Racionais MC's,rap,"Sao Paulo, Sao Paulo, BR",1988,9999,0.507743,0.514862,0.4238724312259402
Down Low,rap,"Washington, DC, US",1995,9999,0.476092,0.519785,0.44778328841939513
Loco Locass,rap,"Quebec, CA",1995,9999,0.389173,0.509149,0.48737308528277457
Mariska,rap,"Helsinki, Uusimaa, FI",2002,9999,0.384777,0.509183,0.4874056311286854
Petey Pablo,rap,"Greenville, NC, US",1995,9999,0.521158,0.522339,0.4216741585058966
Company Flow,rap,"Brooklyn, New York, NY, US",2012,2012,0.550345,0.520436,0.4021896020900892
Jae Millz,rap,"Harlem, New York, NY, US",2002,9999,0.538905,0.512666,0.4030924167121132
Niarn,rap,"Aalborg, Nordjylland, DK",1994,9999,0.370348,0.514766,0.4927498504733835
Jooks,rap,"Copenhagen, Hovedstaden, DK",1997,9999,0.376646,0.505216,0.48360829669551
Gangsta Pat,rap,"Memphis, TN, US",1989,9999,0.362788,0.504914,0.4833192130053615
OJ da Juiceman,rap,"Atlanta, GA",2003,9999,0.533323,0.502278,0.3982364692550918
Ya Boy,rap,"New York, NY, US",2002,9999,0.500873,0.505711,0.42050187521339755
Fly Union,rap,"Columbus, OH",2007,9999,0.351236,0.519273,0.4970640895180825
Shyne,rap,"Beach Park, IL, US",1996,9999,0.527522,0.531185,0.424803462669189
Saïan Supa Crew,rap,France,1997,2007,0.46219,0.518109,0.4551637597574805
Quarashi,rap,"Reykjavik, Reykjavik, IS",1996,2005,0.407109,0.504655,0.47840503903033954
Boondox,rap,"Covington, GA, US",2004,9999,0.426963,0.507431,0.468119308257109
C-Bo,rap,"Sacramento, CA",1991,9999,0.478879,0.521084,0.44713359165743344
Steen1,rap,"Helsinki, Uusimaa, FI",2000,2010,0.381159,0.53088,0.5081746669735566
Vico C,rap,"San Juan, San Juan, PR",1985,9999,0.526404,0.534861,0.42845213930359866
K-Maro,rap,"Montreal, Quebec, CA",1997,9999,0.423408,0.561173,0.5202346195026097
Curren$y,rap,"New Orleans, LA",2002,9999,0.655489,0.713642,0.4637979930490426
Jovanotti,rap,"Rome, Italy",1988,9999,0.601039,0.818008,0.5836562773655265
The Black Eyed Peas,rap,"Los Angeles, CA",2015,9999,0.776776,0.763745,0.38385557654588287
Rick Ross,rap,"Carol City, FL, US",2001,9999,0.743313,0.78201,0.4259177515970761
Nessbeal,rap,"Boulogne, France",1996,9999,0.437998,0.577347,0.524573345924245
Ol' Dirty Bastard,rap,"New York, NY, US",1989,2004,0.633735,0.577157,0.38979441887233035
Del the Funky Homosapien,rap,"Oakland, CA, US",1988,9999,0.610927,0.581421,0.4081466933089011
Three 6 Mafia,rap,"Memphis, TN",2013,9999,0.693876,0.570602,0.3449486169975308
Webbie,rap,"Baton Rouge, LA",2000,9999,0.597994,0.581491,0.4169637397778186
Chipmunk,rap,"London, England, GB",2004,9999,0.586817,0.57038,0.416432974135818
Wiley,rap,"Bow, London, England, GB",1996,9999,0.631316,0.550398,0.3732772898456106
Canibus,rap,"Philadelphia, PA, US",1992,9999,0.603609,0.551017,0.39150471011616667
Skee-Lo,rap,"Los Angeles, CA",1985,9999,0.472872,0.550131,0.4760876202548244
South Park Mexican,rap,"Houston, TX, US",1994,9999,0.552489,0.544134,0.4191321738935559
Sandpeople,rap,"Portland, OR, US",2000,2000,0.423943,0.543494,0.5034750377351954
Birdman,rap,"New Orleans, LA",1989,9999,0.72055,0.635397,0.36375602540184326
Jadakiss,rap,"Yonkers, NY, US",1993,9999,0.713982,0.701692,0.4072822063454329
Marcelo D2,rap,"Rio de Janeiro, Rio de Janeiro, BR",1998,9999,0.547688,0.608989,0.4725258229964635
Suprême NTM,rap,"Saint-Denis, France",2008,9999,0.536856,0.601983,0.4747754766616288
Rico Love,rap,"Milwaukee, Wisconsin ",2003,9999,0.52263,0.606151,0.48827392169733236
Damian Marley,rap,"Kingston, Saint Andrew, JM",1996,9999,0.67932,0.641313,0.3987827289951888
Young Dro,rap,"Atlanta, GA",1999,9999,0.605426,0.601519,0.4261128229436644
Killer Mike,rap,"Atlanta, GA, US",1999,9999,0.613236,0.617493,0.4318062036610192
Maino,rap,"Bedford-Stuyvesant, New York, NY, US",2003,9999,0.605769,0.612272,0.43348535624256984
Ceza,rap,"Üsküdar, Istanbul, Istanbul, TR",1996,9999,0.519113,0.612784,0.4961786226013097
Mobb Deep,rap,"Queensbridge, New York, NY, US",1992,9999,0.738775,0.615128,0.33846680786630856
"Royce da 5'9""",rap,"Detroit, MI",1995,9999,0.596809,0.59902,0.4303608110109368
Rasheeda,rap,"Atlanta, GA",2001,9999,0.553664,0.595777,0.45808908602675463
Brother Ali,rap,"Minneapolis, MN, US",1998,9999,0.617896,0.598506,0.41527653565754846
Fabri Fibra,rap,"Senigallia, Marche, Italy",1996,9999,0.526143,0.583167,0.46732830463893443
CunninLynguists,rap,"Lexington, KY",2000,9999,0.571265,0.605534,0.4531005332404212
Dilated Peoples,rap,"Los Angeles, CA, US",1992,9999,0.617007,0.598683,0.41602003510120544
Kris Kross,rap,"Atlanta, GA, US",1992,2013,0.575874,0.60439,0.44898749311765335
Big L,rap,"Harlem, New York, NY, US",1990,1999,0.67547,0.59064,0.3699625512577903
Bizzy Bone,rap,"Columbus, OH, US",1992,9999,0.521383,0.58688,0.4736199350200707
Dem Franchize Boyz,rap,"Atlanta, GA",2004,2012,0.465018,0.539704,0.47225770414986173
N-Dubz,rap,"London, England",2000,2011,0.555072,0.537514,0.4124023206378241
Dynamite Deluxe,rap,"Hamburg, Hamburg, DE",1997,2008,0.441675,0.540516,0.4886159888441095
Amanda Blank,rap,"Philadelphia, PA",2004,9999,0.462505,0.570692,0.5011370913684875
DJ Screw,rap,"Houston, TX, US",1983,2000,0.622664,0.552601,0.3803517925602635
Proof,rap,"Detroit, MI",1992,2006,0.52776,0.553336,0.4423621608907938
Mannie Fresh,rap,"New Orleans, LA",1987,9999,0.606545,0.553938,0.3916840552982509
Kaliber 44,rap,"Katowice, Poland",2013,9999,0.435008,0.553796,0.5052583101906543
Big Tymers,rap,"New Orleans, LA, US",1996,2005,0.504849,0.552343,0.4566430084909377
El Chojin,rap,"Madrid, Madrid, ES",1992,9999,0.420943,0.558974,0.5199533501840792
OnklP,rap,"Oslo, Oslo Fylke, NO",2003,9999,0.275037,0.556916,0.5330971270950973
Saigon,rap,"Brooklyn, NY",2000,9999,0.55964,0.555699,0.42337610900974504
Digital Underground,rap,"Oakland, CA",1987,2008,0.602648,0.55732,0.3966074891446039
Styles P,rap,"Yonkers, NY",1994,9999,0.682668,0.678406,0.41915754234176156
Nas,rap,"Queensbridge, New York, NY, US",1991,9999,0.834235,0.695532,0.29610402600507096
Mikael Gabriel,rap,"Helsinki, Uusimaa, FI",2008,9999,0.382991,0.643593,0.6160670178599913
E-40,rap,"Vallejo, CA",1990,9999,0.707279,0.641481,0.377510378053705
Ja Rule,rap,"queens, new york",1993,9999,0.658618,0.637366,0.41188422429279586
Nicki Minaj,rap,"New York, NY",2004,9999,0.79896,0.85505,0.40508475151322376
The Game,rap,"Compton, CA, US",2002,9999,0.775487,0.847518,0.427357587789519
Cypress Hill,rap,"south gate, ca",1988,9999,0.740865,0.658612,0.3606986834327225
Fat Joe,rap,"New York, NY",1992,9999,0.683555,0.655397,0.4042520136854158
Tech N9ne,rap,"Kansas City, MO",1991,9999,0.740976,0.691049,0.37836876022940535
DJ Khaled,rap,"Miami, FL, US",1998,9999,0.689129,0.799399,0.48778197539214657
B.o.B,rap,"Decatur, GA",2006,9999,0.726507,0.669515,0.37844311584011114
50 Cent,rap,"South Jamaica, New York, NY, US",1998,9999,0.786855,0.784993,0.3843350832175008
Pitbull,rap,"Miami, FL, US",2001,9999,0.755334,0.90804,0.4810000620408717
Method Man,rap,"Long Island, NY, US",1992,9999,0.726137,0.766019,0.43333700701803646
La Fouine,rap,"Trappes, Ile-de-France, FR",2001,9999,0.49177,0.767145,0.64629138972799
Flo Rida,rap,"Miami, FL, US",2006,9999,0.712429,0.914562,0.5325508118979935
Madcon,rap,"Oslo, Norway ",1992,9999,0.562338,0.900861,0.6834989710834742
Paul Wall,rap,"Houston, TX",1998,9999,0.653457,0.674539,0.4399931330260183
Kanye West,rap,"Chicago, IL",2003,9999,0.87941,0.823189,0.29509236135261685
Slum Village,rap,"Detroit, MI, US",1996,9999,0.664425,0.610955,0.39064506367679946
Born Talent,rap,"New York, NY, US",9999,9999,0.306664,0.345948,0.3311520676803947
El Meswy,rap,"Alcorcón, Madrid, ES",1988,9999,0.308893,0.368125,0.35238057429106484
Mr. Mack,rap,"Alcoa, TN, US",2000,9999,0.232422,0.339758,0.32522680926311337
Tung Twista,rap,"Chicago, IL, US",1991,9999,0.308765,0.33176,0.15904026119911377
슈프림팀,rap,Seoul South Korea,2009,2013,0.194565,0.318579,0.3049536189530001
Ibi,rap,Nigeria,9999,9999,0.296814,0.275395,0.26361656572329456
Black Tone,rap,"Anaheim, California",9999,9999,0.207568,0.298193,0.285439512637217
Dem Boyz,rap,"Valdosta, GA, US",1990,1990,0.33386,0.370725,0.35486937427247545
Western Beaver Band,rap,none,9999,9999,0.0,0.0,0.0
Archie Lee : Slim Thug,rap,none,9999,9999,0.0,0.0,0.0
Raiti : Russo : Santonocito,rap,none,9999,9999,0.0,0.0,0.0
Organized Rhyme,rap,"Lubbock, TX, US",1992,2000,0.285445,0.305286,0.11742617779493145
Smilez and Southstar,rap,"Orlando, FL, US",2002,9999,0.319661,0.302581,0.2896398412212284
Potzee,rap,"St. Louis, MO, US",9999,9999,0.26829,0.302322,0.2893919184538494
Reverend Run,rap,"Queens, New York, NY, US",1981,9999,0.327495,0.247742,0.2371462634594689
Kevlar Omega,rap,none,9999,9999,0.009977,0.253838,0.24298154218511467
Bluechip,rap,"New York, NY, US",9999,9999,0.259604,0.253858,0.24300068680035622
Põhjamaade Hirm,rap,Estonia,2000,2010,0.25128,0.263183,0.1741404816470705
Desterrados,rap,none,9999,9999,0.290422,0.165265,0.107722583659724
Seperated at Birth,rap,"Niles, MI, US",2000,2000,0.248528,0.173118,0.16571387506993704
F.I.S.T.,rap,"North Carolina, US",9999,9999,0.26609,0.170923,0.16361275354716925
Big Neil,rap,"Cincinnati, OH, US",9999,9999,0.171046,0.119715,0.05612945138151414
Double Trip,rap,none,9999,9999,0.155835,0.112644,0.10782630196385115
Yavar,rap,"Paradise,California,United States",9999,9999,0.174414,0.137981,0.13207965778269723
RATHER UNIQUE,rap,"East Elmhurst, New York, NY, US",2003,9999,0.291842,0.199413,0.08182957654182618
American Singers,rap,"Decatur,Illinois,United States",1927,9999,0.07664,0.182143,0.003480156805495928
Roam Bad Daddy,rap,"Savannah, GA, US",9999,9999,0.20173,0.25953,0.24843009968287963
Pardeep,rap,London,9999,9999,0.182644,0.257134,0.24613657477693354
God's Son,rap,"Charlotte, NC, US",1991,9999,0.262598,0.257782,0.24675686031076208
Jus Bleezy,rap,United States,9999,9999,0.275512,0.263756,0.25247535688343387
Patrone,rap,"Arenzano, Liguria, IT",9999,9999,0.229484,0.259629,0.24852486552832564
Treboey,rap,none,9999,9999,0.0,0.252154,0.0
Brooks Buford,rap,"Montgomery, AL, US",2000,2010,0.313372,0.42453,0.4063731754262432
Warheit,rap,"Palermo, Sicily, IT",2000,2010,0.351438,0.427109,0.40884187356165
David Rolas,rap,"Compton, CA, US",9999,9999,0.328111,0.4103,0.39275178168183067
Lunaman,rap,"Atlanta, GA, US",9999,9999,0.23805,0.412681,0.39503094812634554
Homeliss Derilex,rap,"California, US",9999,9999,0.316205,0.419263,0.4013314410023626
A.I.G.,rap,"New York, NY, US",9999,9999,0.247074,0.414374,0.39665153980654866
Ruthless Bastards,rap,"New York, NY, US",1995,2005,0.256206,0.411695,0.39408711859493367
Gifted,rap,"Missouri City, TX, US",9999,9999,0.453644,0.391859,0.3483894342403654
MC Clemens,rap,"Copenhagen, Hovedstaden, DK",1989,9999,0.366805,0.414043,0.3963346964242998
UNLV,rap,"New Orleans, LA, US",9999,9999,0.319738,0.396397,0.37944340239661867
Ohene,rap,"Pennsylvania, US",1997,9999,0.322928,0.37883,0.36262772959914186
More Or Les,rap,"Quebec, Quebec, CA",2000,2010,0.306337,0.383704,0.3672932723335246
Duo Live,rap,"New York, NY, US",9999,9999,0.338531,0.388271,0.3716649452239485
Dina Rae,rap,"Los Angeles, CA, US",9999,9999,0.340331,0.387949,0.3713567169185584
Lodeck,rap,"New York, NY, US",2000,2010,0.284582,0.38342,0.3670214187970936
QF,rap,"Amsterdam,Netherlands",9999,9999,0.271708,0.387692,0.3711107086127036
Dagha,rap,"Boston, MA, US",2000,2010,0.307786,0.385541,0.3690517052434674
Giant Panda,rap,"Los Angeles, CA, US",2002,9999,0.435403,0.387463,0.3533108597412091
Cydal,rap,none,1990,2000,0.219504,0.376186,0.3600968114641998
Capitol Eye,rap,"Los Angeles, CA, US",2000,2010,0.30613,0.375074,0.3590323708567657
Kurzer Prozess,rap,"Nuremberg, Bavaria, DE",2007,9999,0.295435,0.372402,0.1854746119551581
Carré Rouge,rap,"Marseille, Provence-Alpes-Cote d'Azur, FR",9999,9999,0.23041,0.382439,0.3660823754194922
Commodore 64,rap,"New York, NY, US",1992,9999,0.400099,0.383019,0.3665880556657429
E.C. Illa,rap,"Chicago, IL, US",1990,9999,0.308405,0.38243,0.36607376034263345
Choong Family,rap,United Kingdom,2005,2009,0.294324,0.371871,0.3559663607258203
Anticon,rap,"Los Angeles, CA, US",1990,2000,0.533677,0.369135,0.29251811693365076
Greedy,rap,"Dumaguete City, Central Visayas, PH",1990,2010,0.331679,0.370806,0.354946909964204
Intonation,rap,"Cologne, North Rhine-Westphalia, DE",1990,2000,0.28281,0.365614,0.3499769678474795
Paul Wall & Chamillionaire,rap,"Houston, TX, US",9999,9999,0.330454,0.363313,0.34777437986393117
Andre Nickatina & Equipto,rap,"Woodland, CA, US",9999,9999,0.297714,0.366476,0.35080210076439333
B.A.S.K.O.,rap,United States,1996,9999,0.235671,0.3664,0.35072935122647514
Tum Tum,rap,"Dallas, TX, US",2000,2010,0.393441,0.356409,0.3411656586825239
Double R,rap,"Atlanta, GA, US",1990,2000,0.395749,0.352866,0.337774190092471
Jade Foxx,rap,"Los Angeles, CA, US",9999,9999,0.293742,0.35396,0.33882140054618765
Thug Lordz,rap,United States,2000,2010,0.235268,0.431275,0.41282969691647947
Dom Pachino,rap,"New York, NY, US",1997,2009,0.373688,0.435085,0.41647674612000807
Cashflow,rap,"Bornova, İzmir, TR",9999,9999,0.424675,0.435489,0.40301703782676196
Gabriel Teodros,rap,"Beacon Hill, Seattle, WA, US",1999,9999,0.389731,0.429302,0.41094108062289364
Yung Ralph,rap,"Atlanta, GA, US",2007,9999,0.393825,0.427817,0.4095195929412034
Ghetto Mafia,rap,"Atlanta, GA, US",1993,2005,0.289435,0.427763,0.40946790248005105
DJ Alpiste,rap,Brazil,9999,9999,0.356696,0.427125,0.40885718925384334
Thai,rap,"Portland, OR, US",2000,2010,0.448607,0.425346,0.3808231918510832
Crunchy Black,rap,"Memphis, TN, US",2013,9999,0.427431,0.424991,0.3918136772067599
K-Solo,rap,"Bronx, New York, NY, US",1987,9999,0.444387,0.423361,0.3812740075762801
CNN,rap,"Queensbridge, New York, NY, US",9999,9999,0.363033,0.439492,0.42069526208849894
Brisco,rap,"Opa-Locka, FL, US",2001,9999,0.475705,0.470627,0.4056568231499243
Street Military,rap,"Houston, TX, US",1990,2010,0.378635,0.470612,0.4504842834044594
Drag-On,rap,"Bronx, New York, NY, US",1997,9999,0.369533,0.470531,0.45040674771273087
DJ Casper,rap,"Hyde Park, Boston, MA, US",1999,2001,0.295168,0.435667,0.4170338544235392
Witchdoctor,rap,"Atlanta, GA, US",1995,9999,0.396767,0.435031,0.4164250556588557
Intouchable,rap,France,1992,9999,0.32093,0.436479,0.41781112580234897
SupaJan,rap,"Copenhagen, Hovedstaden, DK",9999,9999,0.299334,0.435166,0.4165542818117366
Magik,rap,"Katowice, Poland",1992,2000,0.470125,0.437991,0.38051226873926536
Linguistics,rap,"Los Angeles, CA, US",9999,9999,0.253421,0.436957,0.41826868210662366
Buddha Monk,rap,"New York, NY, US",1990,2000,0.343892,0.439081,0.42030184024528366
Sauce Money,rap,"Brooklyn, New York, NY, US",1990,2010,0.39859,0.428296,0.40997810647624017
Bates,rap,"Eschwege, Hesse, DE",1987,2001,0.3942,0.428139,0.40982782124659345
Cesar Comanche,rap,"Jacksonville, NC, US",2001,9999,0.36034,0.433815,0.4152610630521652
Warcloud,rap,"Los Angeles, CA, US",9999,9999,0.344289,0.433596,0.41505142951526947
RPK,rap,"Chicago, IL, US",1998,9999,0.332553,0.42641,0.40817276925895546
I-Rocc,rap,"Los Angeles, CA, US",2000,2010,0.246639,0.427124,0.4088562320230813
김진표,rap,South Korea K-pop Hip-Hop Neowiz Bugs|name = Kim Jin-pyo (김진표)|notable_instruments = |occupation = Singer|years_active = 1995–present}},1995,9999,0.275717,0.423264,0.4051613212814486
The Last Emperor,rap,"Philadelphia, PA, US",2002,2009,0.483862,0.423097,0.3604914401946587
Project Born,rap,"Flint, MI, US",1989,9999,0.335065,0.422778,0.40469610713107723
Dontcha,rap,"Ile-de-France, FR",1990,1990,0.38474,0.421606,0.40357423267791837
Non-Prophets,rap,"Providence, RI, US",1998,2004,0.37957,0.421449,0.40342394744827165
"Lady ""Bitch"" Ray",rap,Germany,9999,9999,0.216598,0.424484,0.4063291428111874
Indo G,rap,"Memphis, TN, US",1995,9999,0.36097,0.42107,0.40306115698944295
Škabo,rap,"Belgrade, Serbia",1997,9999,0.335285,0.420583,0.4025949856083095
Facção Central,rap,Brazil,1989,9999,0.366965,0.429958,0.24555527894303794
Fat Bastard,rap,"Dallas, TX, US",9999,9999,0.32032,0.432694,0.4141880073678724
The Gambit,rap,"Turku, Finland Proper, FI",2005,9999,0.321722,0.433804,0.4152505335137823
Zealous1,rap,"California, US",2001,9999,0.328023,0.428304,0.40998576432233685
Freekey Zekey,rap,"Harlem, New York, NY, US",1998,9999,0.445809,0.435274,0.3912298960660042
Big Herk,rap,Canada,2002,9999,0.333668,0.41378,0.3960829447338725
Bavgate,rap,"Fremont, Seattle, WA, US",1997,2003,0.341908,0.41436,0.3966381385758795
Fred Durst,rap,"Jacksonville, FL, US",1993,9999,0.464775,0.438832,0.38412262720317447
Killa Tay,rap,"Fresno, CA, US",1995,9999,0.349548,0.424194,0.406051545890184
LIN QUE,rap,"New York, NY, US",9999,9999,0.298958,0.425863,0.4076491640320971
Medina Green,rap,"New York, NY, US",1990,2000,0.35575,0.42552,0.4073208338807034
Prozack Turner,rap,"Oakland, CA, US",9999,9999,0.329261,0.394658,0.3777787781013598
Pop Shuvit,rap,"Kuala Lumpur, Kuala Lumpur, MY",2001,9999,0.40126,0.396202,0.3786053081269502
W Witrynach Odbicia,rap,none,9999,9999,0.180202,0.390899,0.3741805476666974
Charlie Boy,rap,"Los Angeles, CA, US",2000,2010,0.369914,0.392922,0.37611702549838716
Young Droop,rap,"Merced, CA, US",1990,2010,0.285302,0.40379,0.3865202094206834
Pete Miser,rap,"New York, NY, US",1995,9999,0.324363,0.401952,0.3847608192799785
Q-Strange,rap,"Rhode Island, US",2000,2010,0.337333,0.406265,0.3888893555568339
Mastamind,rap,"Detroit, MI, US",1991,9999,0.348754,0.402552,0.38533515773722715
T Nutty,rap,SACRAMENTO CA,2000,2010,0.295414,0.402063,0.38486707189456953
Rasaq,rap,"Houston, TX, US",1997,2005,0.246643,0.401325,0.38416063559215374
Muja Messiah,rap,"Minneapolis, MN, US",2000,2010,0.374037,0.40427,0.38697968018648227
Native Guns,rap,"Los Angeles, CA, US",2002,2007,0.308804,0.404064,0.3867824906494936
GFE,rap,"North Carolina, US",9999,9999,0.321999,0.404774,0.38746212449057116
Proton,rap,"Atlanta, GA, US",2000,2010,0.317583,0.407846,0.3904027373916839
Project Wyze,rap,"Sudbury, Ontario, CA",1996,2003,0.35173,0.405631,0.38828247125367454
Mystik,rap,"Mississippi, US",9999,9999,0.364026,0.413928,0.39622461488666055
Peedi Peedi,rap,"Flemington, Melbourne, Victoria, AU",2001,9999,0.343564,0.413716,0.3960216819650993
Qwel & Jackson Jones,rap,none,9999,9999,0.220435,0.412449,0.3948088705895427
Lovebug Starski,rap,United States,1970,1990,0.361288,0.410735,0.39316817706333596
57th Street Rogue Dog Villians,rap,"Kansas City, MO, US",9999,9999,0.298069,0.40822,0.3907607416967022
Da Muzicianz,rap,"Atlanta, GA, US",9999,9999,0.297241,0.410069,0.39253066137579
Don Cisco,rap,"Frisco, TX, US",1992,9999,0.271261,0.397267,0.38027619315962913
MadHatter,rap,"Queretaro, Queretaro de Arteaga, MX",2000,2010,0.363012,0.390019,0.3733381845960661
Stieber Twins,rap,"Heidelberg, Germany",1983,9999,0.399125,0.389286,0.19387649047244976
Johnson&Jonson,rap,"Long Beach, CA, US",2008,9999,0.318306,0.388337,0.3717281224542458
Assasin,rap,"Cleveland, OH, US",9999,9999,0.335529,0.394162,0.37730399164336764
Brother Reade,rap,"Los Angeles, CA, US",2000,2010,0.30744,0.392275,0.3754976971953208
Tunnel Rats,rap,"Newmarket, England, GB",1993,9999,0.349907,0.401447,0.38427741774512764
Grandaddy Souf,rap,"Memphis, TN, US",2000,2010,0.232899,0.346947,0.3321083412117136
Littles,rap,"Toronto, Ontario, CA",9999,9999,0.349626,0.347409,0.3325505818237951
Oktane,rap,"Florida, US",9999,9999,0.352616,0.350066,0.3350939439586442
Holiday styles,rap,"Syracuse, NY, US",1994,9999,0.231363,0.345085,0.3303259775327188
A-Butta,rap,United States,9999,9999,0.239858,0.338945,0.32444858065354154
Pure Doze,rap,"Dortmund, North Rhine-Westphalia, DE",1960,2000,0.263497,0.335013,0.3206847492970391
DukeDaGod,rap,"Harlem, New York, NY, US",2000,2010,0.280597,0.350648,0.3356510522621754
Talegueros,rap,Spain,9999,9999,0.232065,0.342291,0.32765147478346457
Knightowl,rap,"Los Angeles, CA, US",1993,9999,0.320849,0.340419,0.3258595387968489
Big Rob,rap,"Racine, WI, US",9999,9999,0.356407,0.337082,0.3226652597437847
Reem,rap,United States,9999,9999,0.374973,0.332254,0.31804374962445764
Soldiers of Allah,rap,"Los Angeles,California,United States",2003,9999,0.301237,0.343382,0.0951866070223496
Big Pokey,rap,"Houston, TX, US",1995,9999,0.406388,0.493016,0.46783215674302403
PJ & Duncan,rap,"Newcastle upon Tyne, England, GB",1988,9999,0.361618,0.487409,0.4665628885151338
Creutzfeld & Jakob,rap,"Witten, Germany",1998,2004,0.380458,0.486546,0.4657367983674579
P. Diddy & The Bad Boy Family,rap,"New York, NY, US",1991,2010,0.295118,0.482111,0.46149147993762873
Optimus Rhyme,rap,"Washington, DC, US",2000,2008,0.363704,0.481307,0.4607218664049156
Cuban Link,rap,"Havana, Ciudad de la Habana, CU",1989,9999,0.495131,0.479748,0.40222597182903574
Celly Cel,rap,"Vallejo, CA, US",1990,9999,0.387611,0.478661,0.45818903380844933
Marz,rap,"Garden City, KS, US",2000,2010,0.477977,0.460823,0.3959305467247135
Juggaknots,rap,"New York, NY, US",1995,9999,0.431044,0.46075,0.42267254926869674
2 Skinnee J's,rap,"Brooklyn, NY",2008,9999,0.40219,0.467048,0.4457386963264293
Just-Ice,rap,"New York, NY, US",1986,9999,0.436252,0.466709,0.42507306942633966
Swifty McVay,rap,"Detroit, MI, US",1996,9999,0.405736,0.456981,0.43402432417279047
Psykick Lyrikah,rap,"Rennes, Brittany, FR",2000,2010,0.335587,0.459196,0.43955653702454284
Whiskey Blanket,rap,"Boulder, CO, US",2003,9999,0.316635,0.458998,0.4393670053336508
Fast Crew,rap,"Auckland, Auckland, NZ",1999,2008,0.339121,0.454321,0.43489003705939794
Loc,rap,"Long Beach, CA, US",1997,9999,0.40898,0.456115,0.4312853801751706
Just Blaze,rap,"Brooklyn, New York, NY, US",1997,9999,0.598649,0.456336,0.32687160992804365
Automatikk,rap,"Nuremberg, Bavaria, DE",9999,9999,0.384172,0.45678,0.4372438675033552
La Chat,rap,"Memphis, TN, US",2001,9999,0.338054,0.461664,0.4419189825453587
Schäffer The Darklord,rap,"New York, NY, US",2004,2009,0.402202,0.454294,0.4335595028369095
Ms. Toi,rap,United States,2000,2010,0.332672,0.453511,0.4341146801421124
Lil Menace,rap,"Los Angeles, CA, US",2000,2010,0.332858,0.448033,0.4288709700274327
Gröûp X,rap,"Florida, US",1999,2011,0.356362,0.452155,0.4328166752287305
Afront,rap,Poland,2002,9999,0.29509,0.444801,0.4257772002043869
La the Darkman,rap,"Grand Rapids, MI, US",1995,9999,0.38662,0.450395,0.431131949087468
Sky Balla,rap,"San Francisco, CA, US",9999,9999,0.29178,0.443594,0.42462182267455517
TBMA,rap,Sandusky Ohio,9999,9999,0.350096,0.443141,0.42418819713933253
Spearhead,rap,"San Francisco, CA, US",1986,9999,0.475804,0.439621,0.3788781393100691
Mr. Magic,rap,"Ocala, FL, US",1979,2002,0.389831,0.441223,0.4223522285376612
Franky Kubrick,rap,"Stuttgart, Baden-Wurttemberg, DE",9999,9999,0.379581,0.440161,0.4213356494683312
Lightheaded,rap,"Portland, OR, US",9999,9999,0.428446,0.449144,0.41350299598385915
T-Nutty,rap,"California, US",2002,9999,0.317379,0.45415,0.4347263505990821
Lightnin' Rod,rap,"Brooklyn, New York, NY, US",1960,9999,0.349952,0.454333,0.43490152382854297
AKIR,rap,"New York, NY, US",2003,9999,0.404632,0.454279,0.43210918829742834
Lil Eazy-E,rap,"Compton, CA, US",2004,9999,0.415039,0.452631,0.42445658453133883
Benefit,rap,"Atlanta, GA, US",2000,2010,0.328699,0.451629,0.43231317184787593
Dre Dog,rap,"San Francisco, CA, US",1992,9999,0.356406,0.449361,0.4301421724794763
Brasco,rap,"Detroit, MI, US",2005,9999,0.343804,0.452266,0.4329229278433216
DL Incognito,rap,"Ottawa, Canada",1998,9999,0.364067,0.451265,0.4319647398504785
Critical Bill,rap,"Mount Clemens, MI, US",2002,9999,0.357847,0.461679,0.44193334100678994
Salah Edin,rap,"Marrakesh, مراكش ـ تانسيفت ـ الحوز, MA",2003,2011,0.351215,0.46843,0.4483956058815987
Chip Fu,rap,"Brooklyn, New York, NY, US",1991,1996,0.392601,0.46621,0.4462705535897789
Phaseone,rap,"New York, NY, US",2010,9999,0.339538,0.45898,0.4393497751799333
Pikku G,rap,Finland,9999,9999,0.273286,0.457779,0.43820014103467403
Taktloss,rap,Germany,9999,9999,0.316216,0.44317,0.4242159568314328
Verses,rap,"Brighton, England, GB",2011,9999,0.25109,0.447459,0.4283215195699982
Boom Bap Project,rap,"Seattle, WA, US",2001,9999,0.360532,0.44175,0.4228566891492779
Sicknature,rap,"Copenhagen, Hovedstaden, DK",1999,9999,0.37976,0.446618,0.42751648849908813
Wordburglar,rap,"Halifax, Nova Scotia, CA",2000,2010,0.384685,0.443567,0.424595977443979
Sev Statik,rap,"New York, NY, US",1997,9999,0.304855,0.456128,0.4366197530464783
Outsidaz,rap,"Newark, NJ, US",1991,9999,0.396901,0.459337,0.43969150656199624
40 Cal.,rap,"Harlem, NY",2004,9999,0.398083,0.457583,0.4380125238053062
R-mean,rap,"Los Angeles, CA, US",2000,2000,0.376052,0.451174,0.43187763185112915
Mr. Bones,rap,"Florida, US",2000,2010,0.388138,0.454139,0.4347158210606992
Kia Shine,rap,"Memphis, TN, US",1998,9999,0.3702,0.454508,0.43506903921190715
Guè Pequeno,rap,"Milan, Italy",1997,9999,0.381845,0.452637,0.4332780604560536
Taichi,rap,none,2004,9999,0.462764,0.462319,0.4058249965353881
Royal Family,rap,"Atlanta, GA, US",2000,2010,0.383698,0.458808,0.43918513148885535
Tommy Wright III,rap,"Memphis, TN, US",2000,2000,0.386889,0.464741,0.4448643816002819
Rahim,rap,"Douglasville, GA, US",2000,2010,0.416515,0.499117,0.46710333269642085
Mokobé,rap,"Paris, France",2000,2010,0.419398,0.498217,0.4644213429132655
Special Ed,rap,"Charlotte, NC, US",1989,9999,0.500779,0.498051,0.41418874398725064
Yung Berg,rap,"Chicago, IL, US",2001,9999,0.440856,0.499542,0.4520888184104749
Weerd Science,rap,"Kingston, NY, US",1993,9999,0.385824,0.498718,0.4773882112035078
Boyz N Da Hood,rap,"Atlanta, GA, US",2003,9999,0.452804,0.506076,0.4504633385246329
Nick Cannon,rap,"San Diego, CA, US",1998,9999,0.521288,0.506058,0.40845264046220514
Tag Team,rap,"Atlanta, GA",1993,1995,0.429942,0.496648,0.45629626913251
Akrobatik,rap,"Boston, MA, US",1998,9999,0.481399,0.494571,0.42286798955753346
Rhymefest,rap,"Chicago, IL, US",1996,9999,0.527508,0.494536,0.39550244066907664
Edo Maajka,rap,"Brčko, Brčko Distrikt, BA",1992,9999,0.381455,0.493552,0.47244315708659734
Fisz,rap,"Warsaw, Masovian, PL",1997,9999,0.397321,0.493208,0.47211386970444147
Styles,rap,"Saskatchewan, CA",2009,9999,0.458204,0.493142,0.4356542640123915
Yungstar,rap,"Houston, TX, US",1990,2000,0.387716,0.492101,0.47105421525081786
Big Moe,rap,Houston Texas,1995,2007,0.497294,0.490663,0.41009972773427805
E.S.G.,rap,"Houston, TX, US",1993,9999,0.496613,0.497736,0.41641922509492096
Violadores del Verso,rap,"Zaragoza, Spain ",1998,9999,0.482251,0.493913,0.42179434343752
King Syze,rap,"Philadelphia, PA, US",1998,9999,0.414091,0.493097,0.4630045666273202
Hi-C,rap,"Compton, CA, US",1990,2004,0.40986,0.492802,0.4654148055050299
Audible Mainframe,rap,"Boston, MA, US",2000,2010,0.356951,0.492544,0.47147826847841967
Doniu,rap,none,2010,9999,0.379116,0.492854,0.4717750100146648
Mitchy Slick,rap,"San Diego, CA, US",2000,2010,0.395997,0.486922,0.46609671713400036
Kemo The Blaxican,rap,"Los Angeles, CA, US",2000,2010,0.362293,0.484725,0.46399368114970846
Lord Tariq,rap,"Bronx, New York, NY, US",1996,1999,0.365234,0.48455,0.4638261657663442
Cory Gunz,rap,"Bronx, New York, NY, US",2003,9999,0.523477,0.483832,0.3892554537053653
The 49ers,rap,"Tokyo, Tokyo Prefecture, JP",1995,9999,0.423519,0.483511,0.44816981264056494
Angie Martinez,rap,"New York, NY, US",1996,9999,0.428313,0.483699,0.4453974990349496
Heather B.,rap,"Atlanta, GA, US",1992,9999,0.374064,0.484394,0.46367683776745966
Villebillies,rap,"Louisville, KY, US",2001,9999,0.376349,0.486758,0.4659397312890191
Rampage,rap,"Flatbush, New York, NY, US",1990,9999,0.434309,0.486187,0.44400321158621775
Sick Jacken,rap,"Pico-Union, Los Angeles, CA, US",9999,9999,0.407528,0.486342,0.4607806558695446
Ms. Krazie,rap,"Los Angeles, CA, US",2000,2010,0.340164,0.485609,0.46483987314338804
2Mex,rap,"Los Angeles, CA, US",1993,9999,0.439311,0.486839,0.44153578230606305
The Disposable Heroes of Hiphoprisy,rap,"San Francisco, CA, US",1990,1993,0.41603,0.483357,0.4526549673894578
Unknown Prophets,rap,"Minneapolis, MN, US",2000,2010,0.358862,0.482494,0.4618580993195057
Mellow Man Ace,rap,"South Gate, CA, US",1987,9999,0.429065,0.478432,0.4400916133339947
Willie D,rap,"Houston, TX, US",1988,9999,0.474166,0.478039,0.41294319494535614
Skillz,rap,"Richmond, VA, US",1992,9999,0.547587,0.477379,0.37046392094476893
Another Bad Creation,rap,"Atlanta, GA, US",1988,1994,0.397259,0.47427,0.4539858335321517
Akira The Don,rap,United Kingdom,2004,2014,0.34701,0.473914,0.45364505938085087
Smoothe Da Hustler,rap,"Brownsville, New York, NY, US",1994,9999,0.393467,0.472871,0.45264666769600037
Vakill,rap,"Chicago, IL, US",1991,9999,0.404364,0.4735,0.45055703758188365
South Central Cartel,rap,"Los Angeles, CA",1991,9999,0.411963,0.471498,0.44401538679737684
Typical Cats,rap,"Chicago, Illinois ",2000,9999,0.442225,0.502112,0.4535537636514408
m-flo,rap,"Tokyo, Tokyo Prefecture, JP",2012,9999,0.451365,0.501223,0.4470389234969546
Tungtvann,rap,Norway,1999,2007,0.349299,0.494234,0.4730959884663366
Visionaries,rap,"Los Angeles, CA, US",1995,9999,0.470373,0.497024,0.43164732600442496
Pescozada,rap,El Salvador,1998,9999,0.358032,0.496538,0.4753014481421712
개코,rap,"Seoul, South Korea",2003,9999,0.316847,0.502671,0.4811721444060139
Devin,rap,"Texas, US",2010,9999,0.521388,0.496262,0.40048705992690287
Extince,rap,"Oosterhout, North Brabant, NL",1987,9999,0.364469,0.497881,0.47658700905564594
Killa Kyleon,rap,"houston, texas",2001,9999,0.452061,0.478806,0.426631502043239
Yo Majesty,rap,"Tampa, FL, US",2000,2010,0.414314,0.475161,0.4460269105991362
Liroy,rap,"Kielce, Swietokrzyskie, PL",1982,9999,0.388379,0.476163,0.455797871364771
Lazee,rap,"Sofielund, Kronoberg, SE",2005,9999,0.408875,0.477127,0.45121832358197034
Princess Anies,rap,"Paris, Ile-de-France, FR",2000,2000,0.339664,0.476897,0.45650047874413846
Shorty,rap,"Chicago, IL, US",1991,1994,0.457604,0.475442,0.4203700767533373
All Natural,rap,"Chicago, IL, US",1990,2010,0.475251,0.468166,0.40379478805529606
Iso H,rap,"Helsinki, Uusimaa, FI",1997,9999,0.316699,0.467255,0.4472708597361535
SpaceKees,rap,"Amersfoort, Utrecht, NL",9999,9999,0.276556,0.467477,0.4474833649653355
Luni Coleone,rap,"California, US",1995,9999,0.347654,0.466779,0.446815217893403
Chiens de Paille,rap,"Cannes, Provence-Alpes-Cote d'Azur, FR",9999,9999,0.317474,0.467593,0.4475944037337369
KP,rap,"Los Angeles, CA, US",2000,2000,0.371033,0.471747,0.4515707403194214
Foesum,rap,"Long Beach, CA, US",1986,9999,0.373802,0.47171,0.4515353227812244
Screwball,rap,"Queensbridge, New York, NY, US",1990,2010,0.395497,0.471467,0.4513027157060387
Koopsta Knicca,rap,"Memphis, TN, US",1991,9999,0.379186,0.500257,0.4788613893463503
Monie Love,rap,"London, England, GB",1988,9999,0.483513,0.503183,0.42894014122012997
Fat Pat,rap,"Houston, TX",1993,1998,0.480751,0.500781,0.42857194178819796
Kid Frost,rap,"East Los Angeles, CA, US",1984,9999,0.488854,0.498627,0.4218311931609297
Mokless,rap,"Paris, Ile-de-France, FR",1990,9999,0.331355,0.499083,0.4777376004316673
Playa Fly,rap,"Memphis, TN, US",1993,9999,0.473624,0.499901,0.43215899940793984
Trilogia,rap,none,2000,2010,0.400733,0.499913,0.4780537899891051
Chalie Boy,rap,"Houston, TX, US",2000,9999,0.413015,0.499234,0.46945820767281277
Doseone,rap,"Oakland, CA",1997,9999,0.483848,0.500134,0.42613778610792064
Violent J,rap,"Berkley, MI",1989,9999,0.471789,0.487604,0.42262172780370627
Ant Banks,rap,"Oakland, CA, US",1987,9999,0.395967,0.488865,0.46795661650472375
Supastition,rap,"North Carolina, US",2002,9999,0.467309,0.487434,0.4251488009221405
Rodney P,rap,"Battersea, London, England, GB",1997,9999,0.489773,0.487939,0.4122473167700121
Smoov-E,rap,"Summertown, TN, US",1992,9999,0.375752,0.487806,0.46694290912768
Evil Pimp,rap,"Tennessee, US",1996,9999,0.37524,0.482692,0.4620476310103978
Leeroy,rap,"Nashville, TN, US",1998,9999,0.421774,0.486019,0.4515756433506247
Ampichino,rap,"Akron, OH, US",1999,1999,0.360336,0.48681,0.46598950728864735
Romeo,rap,"New Orleans, LA, US",2001,9999,0.520717,0.485565,0.3922417305245055
Young Chris,rap,"Philadelphia, PA, US",1995,9999,0.497022,0.485598,0.40602526595658445
Terror Danjah,rap,"Great Britain, GB",2000,2010,0.420996,0.480886,0.4472839436360952
Kokane,rap,"Los Angeles, CA, US",1989,9999,0.460213,0.480891,0.423639002415529
Guerilla Maab,rap,"Lanham, MD, US",2000,2010,0.35178,0.494689,0.47353152846308344
504 Boyz,rap,"Owensboro, KY, US",2000,2006,0.391239,0.495588,0.47439207891819424
Blak Twang,rap,"Manchester, England, GB",1990,2010,0.40781,0.495067,0.46886632226996644
San Quinn,rap,"San Francisco, CA, US",1991,9999,0.458517,0.492403,0.4348110624825366
Kamini,rap,France,2000,2010,0.429521,0.492475,0.45272480898162537
Coolio,rap,"Compton, CA, US",1987,9999,0.611368,0.732768,0.514012705255799
Mapei,rap,"Stockholm, Stockholm, SE",2009,9999,0.507935,0.773223,0.6363967229272002
K.I.Z.,rap,"Berlin, Germany",2000,9999,0.537936,0.795611,0.6264726520907181
Mr. Probz,rap,"Zoetermeer, Netherlands",2005,9999,0.574186,0.860497,0.6409414046592078
MC Hammer,rap,"Oakland, CA, US",1985,9999,0.641486,0.793931,0.5290035110025376
Common Market,rap,"Seattle, WA, US",2005,2009,0.430669,0.562245,0.5160464176600893
Lowkey,rap,"Hattiesburg, MS, US",2003,2012,0.509111,0.560231,0.46030714946262263
The Latin Kings,rap,"Stockholm, Stockholm, SE",1990,2010,0.421992,0.56082,0.520919649457932
Westside Connection,rap,"Los Angeles, CA, US",1994,2005,0.540171,0.559078,0.4387496261121989
Club Dogo,rap,"milan, italy",1999,9999,0.515125,0.563963,0.45932551192304694
Jay Electronica,rap,"New Orleans, LA",2004,9999,0.585608,0.5914,0.43261411463310484
Pezet,rap,"Warsaw, Masovian, PL",1998,9999,0.490771,0.59334,0.5005826606464433
MC Solaar,rap,"Paris, France",1990,2010,0.526669,0.610516,0.48886399615604526
Andre Nickatina,rap,"San Francisco, CA",1992,9999,0.561309,0.58487,0.4444564563305463
UGK,rap,"Port Arthur, TX, US",1987,2007,0.626857,0.567235,0.3876489279444558
Hush,rap,Australia,1971,1977,0.497011,0.56424,0.47178802687418275
Jeru the Damaja,rap,"Brooklyn, NY",1986,9999,0.561283,0.570189,0.4333173971294831
Lloyd,rap,"New Orleans, LA, US",1996,9999,0.621892,0.56977,0.3926822576432477
Gravediggaz,rap,"New York, NY, US",2010,9999,0.56766,0.568434,0.4277376640955464
The 2 Live Crew,rap,"Los Angeles, CA, US",2014,2014,0.599499,0.566095,0.4049304769565043
Jamal,rap,"Radom, poland",2005,9999,0.580089,0.579187,0.4274124344509827
Kamelancien,rap,Morocco,1993,9999,0.413734,0.565961,0.5316817359226321
Spank Rock,rap,"Baltimore, MD",2005,9999,0.571219,0.559934,0.4190097296212658
Trzeci Wymiar,rap,Poland,1998,9999,0.418817,0.564468,0.526597884398128
J. Stalin,rap,none,2002,9999,0.431448,0.567435,0.5202510354097118
Huey,rap,"Kinloch, MO, US",2006,9999,0.501799,0.538247,0.44695754686540656
Jean Grae,rap,"New York, NY",1996,9999,0.559536,0.538591,0.4104075471615212
Kitty Kat,rap,"Berlin, Berlin, DE",2000,2010,0.523109,0.535371,0.4309538436995345
Mike Jones,rap,"Houston, TX",2001,9999,0.599369,0.537167,0.38431956183259686
Black Rob,rap,"Harlem, New York, NY",1993,9999,0.524308,0.533991,0.42908294521652207
Rumi,rap,"Long Island, NY, US",9999,9999,0.592633,0.531882,0.38471652628181885
Looptroop,rap,"Västerås, Vastmanland, SE",1991,9999,0.481097,0.531282,0.4544515441625015
MC Frontalot,rap,"San Francisco, CA, US",1999,9999,0.505179,0.538711,0.44515996719844064
Giggs,rap,"Peckham, London, England, GB",2005,9999,0.496881,0.537935,0.4498773008681015
Anno Domini Beats,rap,"London, England, GB",2004,9999,0.398008,0.53636,0.5134202915497603
O.G.C.,rap,"Brownsville, New York, NY, US",1994,9999,0.477404,0.537209,0.46193482884740705
Stack Bundles,rap,"Far Rockaway, New York, NY, US",2005,2007,0.509803,0.534818,0.43898456407856706
The LOX,rap,"Yonkers, NY, US",1994,9999,0.617513,0.535805,0.37201044099970043
Trick Daddy,rap,"Miami, FL, US",1996,9999,0.512207,0.533051,0.4360039288770898
Bizarre,rap,Detroit Michigan,1995,9999,0.535264,0.533922,0.4221007809412369
Tha Dogg Pound,rap,"Long Beach, CA, US",2005,9999,0.580715,0.517677,0.3816424866486541
MC Bogy,rap,"Berlin, Berlin, DE",9999,9999,0.353084,0.516571,0.49447765199893967
Ca$his,rap,"Chicago, IL",1997,9999,0.396701,0.517708,0.4955660233754257
Per Vers,rap,"Copenhagen, Hovedstaden, DK",1991,9999,0.372178,0.525417,0.5029453153203082
"Lisa ""Left Eye"" Lopes",rap,"Philadelphia, PA, US",1990,2002,0.57913,0.522696,0.3863102894300976
So Solid Crew,rap,"London, England, GB",1998,9999,0.520456,0.528678,0.4272326466262916
Keak da Sneak,rap,"Oakland, CA",1994,9999,0.506043,0.524313,0.43271982083346977
Mafia K'1 Fry,rap,France,1995,9999,0.431967,0.524648,0.4806778141531439
C-Murder,rap,"New Orleans, LA, US",1991,9999,0.544164,0.526254,0.41051340684030646
Aceyalone,rap,"Los Angeles, CA, US",1988,9999,0.539676,0.526182,0.413240952156414
SFDK,rap,"Seville, Andalusia, ES",1992,9999,0.443473,0.52779,0.4759244763349497
Tommy Tee,rap,"Oslo, Oslo Fylke, NO",1986,9999,0.366069,0.510681,0.48883956281028274
Bishop Lamont,rap,"Carson, CA, US",2004,9999,0.478664,0.511764,0.4392701451265699
ytcracker,rap,"La Mirada, California",1997,9999,0.401935,0.510251,0.4871400515761581
Sole,rap,"Portland, ME, US",1993,9999,0.528526,0.513162,0.4097794669168671
Copywrite,rap,"Columbus, OH, US",1998,9999,0.447119,0.509503,0.4571154892941006
Chief Kamachi,rap,"Philadelphia, PA, US",2015,9999,0.396667,0.509178,0.48740084497487496
Phat Kat,rap,"Detroit, MI, US",1993,9999,0.454306,0.508208,0.45141467941367586
The Outhere Brothers,rap,"Chicago, IL",1987,9999,0.389398,0.508389,0.486645589903593
Shinoflow,rap,"Barcelona, Catalonia, ES",2000,9999,0.375764,0.50749,0.4857850394484822
Dead Celebrity Status,rap,"Toronto, Ontario, CA",2003,9999,0.366899,0.506952,0.4852700492984826
D-Bo,rap,"Oklahoma, US",2000,2011,0.392177,0.507828,0.4861085834460655
Jay Dee,rap,"Detroit, MI, US",1993,2006,0.602046,0.509695,0.36307368528243616
C-mob,rap,United States,9999,9999,0.325012,0.508453,0.48670685267236624
7L & Esoteric,rap,"Boston, MA, US",1996,9999,0.522118,0.507392,0.40902897536367483
Prophet,rap,"New Jersey, US",1985,1991,0.569483,0.506727,0.38022301801177677
The Jacka,rap,"Hayward, CA, US",1998,2015,0.43367,0.506714,0.46315749686334645
Glasses Malone,rap,"Los Angeles, CA",2003,9999,0.525741,0.508292,0.4075686028765961
Nine,rap,Sweden,1994,9999,0.520996,0.509825,0.4116700071689156
TTC,rap,"Paris, France",1998,9999,0.544264,0.509315,0.3972398598223757
Baby Rasta Y Gringo,rap,Puerto Rico,2007,9999,0.381721,0.513048,0.4911053280241283
Bligg,rap,"Zurich, Canton of Zurich, CH",1995,9999,0.409532,0.515471,0.4870424230548888
Native Deen,rap,"Washington, DC, US",2000,2000,0.418454,0.513739,0.4795109797363539
Makaveli,rap,"Oakland, CA, US",1988,1996,0.50645,0.514624,0.4244726806844016
Gemelli Diversi,rap,"Milan, Lombardy, IT",1997,9999,0.440306,0.525336,0.47579474135689076
Xhelazz,rap,"Zaragoza, Aragon, ES",1997,9999,0.404755,0.52544,0.4997134221212919
Styles of Beyond,rap,"Los Angeles, CA, US",2012,9999,0.465597,0.52489,0.45892163373687733
Grayskul,rap,"Seattle, WA, US",2003,9999,0.461178,0.523336,0.4604081566936854
Mange Schmidt,rap,"Stockholm, Stockholm, SE",1990,2010,0.353105,0.516296,0.4942144135393674
Shahin Najafi,rap,"Bandar-e Anzali, Gilan, IR",2000,9999,0.44338,0.515156,0.46459191524043386
Messy Marv,rap,"San Francisco, CA, US",1995,9999,0.496602,0.519073,0.4342772002646404
Hot Boy$,rap,"New Orleans, LA, US",2007,9999,0.568616,0.515459,0.38729804967644393
Lil' KeKe,rap,"Houston, Texas",1993,9999,0.451778,0.515489,0.4594983387695277
Leila K,rap,"Bergsjon, Gothenburg, Vastra Gotaland, SE",2011,9999,0.428247,0.515822,0.4750200140690185
Kool Shen,rap,"Rowland Heights, CA, US",1989,9999,0.405129,0.51357,0.48817516336114025
J.R. Writer,rap,"Harlem, NY",2003,9999,0.521816,0.516105,0.4162380405392149
Oxide & Neutrino,rap,"London, England, GB",2011,9999,0.405163,0.516146,0.4906010014444228
Greydon Square,rap,"Compton, CA, US",2004,9999,0.336967,0.50621,0.4845597840730186
Freestyle Fellowship,rap,"Los Angeles, CA, US",1998,9999,0.531535,0.506666,0.4027871160839028
Field Mob,rap,"Albany, GA, US",1999,9999,0.428513,0.506831,0.466569305939298
Mac Mall,rap,"Vallejo, CA, US",1992,9999,0.429171,0.503645,0.46321647539263006
Outlawz,rap,"New Jersey, US",1993,9999,0.350246,0.503584,0.4820460960917939
Ferris MC,rap,"Hamburg, Hamburg, DE",1994,9999,0.393851,0.527027,0.5044864568472586
Seryoga,rap,"Homyel', Homyel'skaya Voblasts', BY",2002,9999,0.391703,0.517284,0.4951601575323034
Vacca,rap,"Kingston, Jamaica",2001,9999,0.402628,0.521051,0.4969805689319488
Trick Trick,rap,"Detroit, MI",1990,9999,0.442707,0.521078,0.47037129116891113
Crooked I,rap,"Long Beach, CA, US",1995,9999,0.574429,0.521311,0.38815053239049585
Dolla,rap,"Atlanta, GA, US",2000,2009,0.615669,0.521877,0.36346243372745046
Organized Konfusion,rap,"Queens, New York, NY, US",2009,9999,0.546664,0.534138,0.4150911888264574
Lil' Flip,rap,"Houston, TX",1997,9999,0.58939,0.531889,0.3867338456970819
Gangsta Boo,rap,"Memphis, TN, US",1991,9999,0.465048,0.518529,0.45370980912492653
Diamond D,rap,"bronx, ny",1987,9999,0.575805,0.520035,0.38636403316638
Just D,rap,"Stockholm, Stockholm, SE",1990,1995,0.431821,0.520974,0.47740783004924037
Big Shug,rap,"Boston, MA, US",1985,9999,0.476469,0.520496,0.44815661214322755
Alliance Ethnik,rap,"Paris, Ile-de-France, FR",1990,2000,0.364374,0.507765,0.4860482779080545
King Orgasmus One,rap,"Berlin, Berlin, DE",1998,9999,0.369228,0.506302,0.48464784930313
Afrika Bambaataa & The Soul Sonic Force,rap,"Bronx, New York, NY, US",1975,9999,0.444847,0.506395,0.455762498370277
K-Rino,rap,"Houston, TX",1983,9999,0.41944,0.505066,0.47077862399923787
Silkk the Shocker,rap,"New Orleans, LA, US",2000,2006,0.428315,0.504114,0.4641946676974324
N2Deep,rap,"San Francisco, CA, US",2008,9999,0.374232,0.503701,0.4821580920909573
Main Concept,rap,"Munich, Bavaria, DE",1990,9999,0.402226,0.503941,0.4809248027364434
Young Bleed,rap,"Baton Rouge, LA, US",1997,9999,0.424949,0.507581,0.46955662835652756
Reef the Lost Cauze,rap,"Philadelphia, PA, US",1998,9999,0.533477,0.508258,0.40288522634947
The Dayton Family,rap,"Flint, MI, US",1993,9999,0.467874,0.507229,0.4420628777425647
Herreløse,rap,"Oslo, Oslo Fylke, NO",2010,9999,0.332711,0.504726,0.48313925362209037
The Psycho Realm,rap,"Cathedral City, CA, US",1994,9999,0.440201,0.526975,0.4773485568936938
Blueprint,rap,"San Francisco, CA",1999,9999,0.570922,0.519588,0.3889985294638276
Capone-N-Noreaga,rap,"Queens, New York, NY, US",2013,9999,0.565363,0.53627,0.40497698557278194
André 3000,rap,"Atlanta, GA ",1991,9999,0.638062,0.560415,0.37565358685184824
Pimp C,rap,"Port Arthur, TX, US",1987,2007,0.615666,0.558029,0.38864252918532805
Näääk,rap,"Stockholm, Stockholm, SE",2000,9999,0.383506,0.566408,0.5421831614887701
Onyx,rap,"South Jamaica, New York, NY, US",1988,9999,0.631646,0.588427,0.39884160601043855
Travis Porter,rap,"Decatur, GA ",2008,9999,0.629694,0.611851,0.4161132444792948
Kaos,rap,"Washington, DC, US",2000,2010,0.536809,0.570425,0.44991778827821777
Cee Lo Green,rap,Atlanta Georgia ,1994,9999,0.701572,0.75351,0.4485959292661692
Sean Paul,rap,"Kingston, Jamaica ",1997,9999,0.711933,0.786617,0.45851841714609076
Twiztid,rap,"Detroit, MI",1997,9999,0.58563,0.576445,0.42165960321465096
El-P,rap,"New York, NY, US",1993,9999,0.678865,0.574028,0.35725253803586693
Krayzie Bone,rap,"Cleveland, OH",1992,9999,0.52745,0.572718,0.4580674341649243
Zion I,rap,"Oakland, CA, US",1996,9999,0.579001,0.572551,0.42324303461625445
Nesli,rap,"Senigallia, Italy",1999,9999,0.464442,0.56955,0.4987770817144502
Nipsey Hussle,rap,"Los Angeles, CA",2003,9999,0.59901,0.580453,0.41553177957345727
Boot Camp Clik,rap,"Brooklyn, New York, NY, US",2002,9999,0.585861,0.577354,0.4221688560238354
The Grouch,rap,"Oakland, CA, US",1994,9999,0.554216,0.575362,0.4420191281658369
The Opposites,rap,The Netherlands,2004,9999,0.423204,0.574769,0.5329881459254369
dead prez,rap,New York,1996,9999,0.629527,0.571128,0.3885293304257943
Killah Priest,rap,"Brooklyn, New York, NY, US",1993,9999,0.578269,0.569847,0.42173148776784286
Ying Yang Twins,rap,"Atlanta, GA",1997,9999,0.591195,0.568355,0.4120512472090317
Fintelligens,rap,Finland,1997,9999,0.399525,0.581545,0.55667276353439
Sims,rap,"Minneapolis, MN, US",2001,9999,0.455871,0.54978,0.48727550811753206
Gorilla Zoe,rap,"Atlanta, GA",2005,9999,0.536995,0.552921,0.4359902153467693
KNA Connected,rap,"Copenhagen, Hovedstaden, DK",2000,2010,0.386131,0.547738,0.5243116631607179
Freundeskreis,rap,"Stuttgart, Germany",1996,2007,0.532715,0.549279,0.43589665253457316
Conejo,rap,"Los Angeles, CA, US",1990,2010,0.404978,0.547685,0.5207106415544093
Lords of the Underground,rap,"Raleigh, NC, US",1990,9999,0.518663,0.549611,0.44532091195898554
Ironik,rap,"Wood Green, London, England, GB",2000,2010,0.445864,0.547372,0.4919474617566925
Soulja Slim,rap,"New Orleans, LA, US",1992,2003,0.468404,0.546552,0.47597873720267336
Mann,rap,"Los Angeles, CA, US",2008,9999,0.494161,0.548294,0.4603364569491153
Kool Moe Dee,rap,"Harlem, New York, NY, US",1976,9999,0.570927,0.548235,0.4104423941748084
Marčelo,rap,"Paraćin, Pomoravlje, RS",1997,9999,0.456497,0.564626,0.49999637645239015
Spice 1,rap,"Hayward, California",1991,9999,0.560667,0.558646,0.4249486618369993
YoungBloodZ,rap,"Atlanta, GA",1997,9999,0.510167,0.552279,0.4530765629637178
Marco Polo,rap,"Toronto, Ontario, CA",2000,9999,0.573198,0.552156,0.41191136333732925
ABN,rap,Belgium,2000,2010,0.508033,0.550346,0.45289459128702475
Mr. Capone-E,rap,"Los Angeles, CA",2000,9999,0.482746,0.551306,0.47047584616141364
King Geedorah,rap,"London, UK",1997,9999,0.421945,0.546122,0.5073001027715105
Akwid,rap,"Los Angeles, CA",2003,9999,0.483703,0.544516,0.4640491086660449
Piotta,rap,"Rome, Lazio, IT",1994,9999,0.394822,0.543092,0.5198643690400897
MV Bill,rap,"Rio de Janeiro, Brazil",1998,9999,0.459248,0.543321,0.47928331771074106
Scribbling Idiots,rap,"Ohio, US",9999,9999,0.33861,0.545023,0.5217127816416681
DJ Kool,rap,"Washington, DC, US",1979,9999,0.455189,0.547894,0.48606645926719183
Petos,rap,"Helsinki, Uusimaa, FI",9999,9999,0.318201,0.552549,0.5289169003570896
Chino XL,rap,"East Orange, NJ",1992,9999,0.547069,0.542778,0.42154682824896744
Shawnna,rap,"Chicago, IL, US",1996,9999,0.50161,0.546776,0.45416399258510703
Scred Connexion,rap,France,1990,9999,0.421344,0.550071,0.5113902363800127
Petter,rap,"Stockholm, Stockholm, SE",1998,9999,0.558383,0.632093,0.4825110688639826
Xzibit,rap,"Los Angeles, CA",1995,9999,0.692451,0.625537,0.37922083742098334
Fabolous,rap,"Brooklyn, NY ",1998,9999,0.739675,0.63562,0.3490383703200889
Chiddy Bang,rap,"Philadelphia, PA",2009,9999,0.575305,0.613623,0.45625457098412464
JME,rap,Hackney England,2002,9999,0.570479,0.620348,0.4647557293540683
Cam'ron,rap,"Harlem, NY",1993,9999,0.670292,0.620636,0.39254520039870866
Nik & Jay,rap,"Copenhagen, Hovedstaden, DK",2002,9999,0.444737,0.603297,0.5430585184750322
Lloyd Banks,rap,"South Jamaica, NY",1999,9999,0.649686,0.601642,0.3951034409003564
Traphik,rap,"Long Beach, CA, US",2006,9999,0.440899,0.603099,0.5457760902338066
Slim Thug,rap,"Houston, TX, US",1998,9999,0.642951,0.605432,0.40236719341631527
R.A. The Rugged Man,rap,"Long Island, NY, US",1992,9999,0.573094,0.622032,0.4641148812050317
Professor Green,rap,"London, England",2005,9999,0.580697,0.624284,0.460248556723242
Deez Nuts,rap,"Melbourne, Australia",2007,9999,0.552262,0.624385,0.48111394852262523
Lil' Kim,rap,"New York, NY",1994,9999,0.713773,0.612122,0.35544754687985164
The Cataracs,rap,"Berkeley, CA",2003,2014,0.527908,0.612756,0.4897577641051007
Warren G,rap,"Long Beach, CA, US",1992,9999,0.663845,0.62265,0.398547847071649
Prinz Pi,rap,"West Berlin, NJ, US",1998,9999,0.502293,0.622521,0.5165692852534369
Pretty Ricky,rap,"Miami, FL, US",1997,9999,0.608815,0.623688,0.4393530414773999
Nach,rap,"Alicante, Valencia, ES",1995,9999,0.676071,0.617117,0.3861087478023964
D12,rap,"Detroit, MI, US",1996,9999,0.642888,0.621256,0.41292954531810105
Jurassic 5,rap,"Los Angeles, CA, US",2013,9999,0.661934,0.621501,0.39920950993632454
Will Smith,rap,"Los Angeles, CA, US",1997,9999,0.744739,0.695843,0.37776101868943396
Diddy - Dirty Money,rap,"New York, NY",2007,2012,0.576802,0.633495,0.46992188784870725
Busta Rhymes,rap,"New York , NY",1989,9999,0.760697,0.655944,0.34305316886638787
B-Tight,rap,"Palm Springs, CA, US",1998,9999,0.382745,0.597556,0.5719989852660687
Flobots,rap,"Denver, CO, US",2000,9999,0.528885,0.594301,0.4743193172624359
Michael Franti,rap,"San Francisco, CA, US",1986,9999,0.629592,0.603663,0.4106165639450095
Das Bo,rap,"Hamburg, Hamburg, DE",2000,2010,0.40058,0.587767,0.5621836290860176
Donguralesko,rap,"Poznan, Greater Poland, PL",1994,9999,0.444498,0.593663,0.5345636904406527
Hieroglyphics,rap,"Oakland, CA, US",1991,9999,0.611689,0.589056,0.4129829965836268
Kottonmouth Kings,rap,"Placentia, CA",1994,9999,0.613531,0.595136,0.4159674904633337
Main Source,rap,"New York, NY",1989,1994,0.543245,0.589155,0.4602182552532648
Neneh Cherry,rap,"Stockholm, Sweden",1981,9999,0.613136,0.582693,0.40753887834625924
Kardinal Offishall,rap,"Toronto, Canada",1994,9999,0.578011,0.580493,0.42978534263608553
K'naan,rap,"Mogadishu, Banaadir, SO",2001,9999,0.599014,0.605345,0.4333485162372287
Papoose,rap,"Bedford-Stuyvesant, New York, NY, US",1998,9999,0.622415,0.644608,0.44386688664363627
T-Rock,rap,"Georgia, US",2000,2010,0.456087,0.607411,0.5381920934075154
Vanilla Ice,rap,"Dallas, TX",1985,9999,0.6281,0.589417,0.4019529607569558
Juelz Santana,rap,"Harlem, NY",1995,9999,0.584016,0.592729,0.4346877845157145
Scribe,rap,"Mumbai, Maharashtra, IN",2005,9999,0.428495,0.652791,0.6009494139000127
Tinie Tempah,rap,"London, UK",2005,9999,0.647232,0.815116,0.5376371119066858
Soprano,rap,"Marseille, Provence-Alpes-Cote d'Azur, FR",2000,9999,0.559173,0.837633,0.6386348074985863
Frauenarzt,rap,"Berlin, Germany",2008,9999,0.405302,0.592095,0.5626843023836026
Scarface,rap,"Houston, TX",1988,9999,0.681794,0.598296,0.370280807122241
Chakuza,rap,"Linz, Austria ",2006,9999,0.48608,0.592915,0.5035876910270479
Snowgoons,rap,Germany,1999,9999,0.518428,0.592884,0.48054852839064494
Favorite,rap,"Essen, Germany",2003,9999,0.500561,0.60067,0.49968589216886633
Master P,rap,"New Orleans, LA, US",1990,9999,0.67564,0.591854,0.3706040643396204
Kool Savas,rap,"Aachen, Germany",1995,9999,0.592514,0.590656,0.4273104404183535
Azad,rap,"Sanandaj, Iran",1988,9999,0.537452,0.588662,0.4638551321629665
Boss AC,rap,"Lisbon, Lisbon, PT",1994,9999,0.383504,0.590102,0.5648637871655171
Bushido,rap,"Bonn, North Rhine-Westphalia, DE",1998,9999,0.610374,0.588406,0.4134293956354708
Celph Titled,rap,"Tampa, FL",1993,9999,0.522477,0.587987,0.4737490896928993
Rakim,rap,"Wyandanch, NY, US ",1985,9999,0.721046,0.593309,0.33930446052386143
Disiz la Peste,rap,"Evry, France",1999,9999,0.432254,0.584685,0.5354712054023323
Big Daddy Kane,rap,"Brooklyn, New York, NY, US",1987,9999,0.681159,0.593429,0.3677151182377868
Madlib,rap,"Los Angeles, CA, US",1993,9999,0.678423,0.582875,0.36306342462386576
Chip,rap,"Los Angeles, CA, US",2004,9999,0.402422,0.541797,0.5169135201720503
Molesta Ewenement,rap,"Warsaw, Masovian, PL",1995,9999,0.418554,0.541434,0.5052914827614355
Delinquent Habits,rap,"Los Angeles, CA",1991,9999,0.460023,0.541607,0.47725344014406446
Cormega,rap,"Queensbridge, New York, NY, US",1989,9999,0.584192,0.539398,0.395465772462571
Rev Run,rap,"Queens, New York, NY, US",1981,9999,0.499243,0.538829,0.4490946022698162
Ice-T,rap,"Newark, NJ",1982,9999,0.618818,0.540441,0.37440669403868976
Erik og Kriss,rap,"Bærum Kommune, Akershus Fylke, NO",2002,9999,0.379301,0.540612,0.5174904367501287
Dark Lotus,rap,"Detroit, MI, US",1998,2013,0.45613,0.541457,0.47972522533924233
Abradab,rap,"Katowice, Poland",1994,9999,0.414127,0.543099,0.5099299323138128
Remy Ma,rap,"Castle Hill, New York, NY, US",1999,9999,0.587853,0.539351,0.39312671062040244
Planet Asia,rap,"Fresno, CA, US",1998,9999,0.559782,0.540766,0.4119089047677688
Shing02,rap,"Tokyo, Japan",1996,9999,0.449932,0.540776,0.48327914548706347
Ms. Dynamite,rap,"Archway, London, England, GB",2001,9999,0.547515,0.542892,0.4213504463412841
Young MC,rap,"New York, NY",1989,9999,0.560387,0.55343,0.42116265261441205
Ison & Fille,rap,"Stockholm, Sweden",1994,9999,0.395412,0.553524,0.5298502003501185
Heikki Kuula,rap,Finland,2010,9999,0.365011,0.557012,0.533189021248257
TLF,rap,France,2005,9999,0.407778,0.55688,0.5274310319715235
Ill Bill,rap,"Brooklyn, New York, NY, US",1991,9999,0.558729,0.556071,0.4242536461282568
Beastie Boys,rap,"New York, NY ",1981,2012,0.794288,0.672775,0.32286833456175085
Jermaine Dupri,rap,"Atlanta, GA, US",1984,9999,0.542622,0.664999,0.5199519695067699
Mos Def,rap,"Brooklyn, NY",1994,9999,0.753534,0.651893,0.3467808149747065
Gym Class Heroes,rap,"Geneva, NY ",1997,9999,0.653672,0.643441,0.41954602340260827
Ghostface Killah,rap,"Staten Island, New York, NY, US",1992,9999,0.702464,0.629153,0.37388902513276007
The Notorious B.I.G.,rap,"New York, NY",1992,1997,0.792734,0.861676,0.4152773696481485
Dr. Dre,rap,"Los Angeles, CA, US",1984,9999,0.854596,0.865693,0.3431535816513946
Porta,rap,"Barcelona, Catalonia, ES",2006,9999,0.630374,0.649205,0.4410018480575796
Common,rap,"Chicago, IL, US",1992,9999,0.801722,0.648882,0.3050389827909279
T-Pain,rap,"Tallahassee, FL",2004,9999,0.740984,0.639846,0.35032736936415665
Eazy-E,rap,"Compton, CA, US",1986,1995,0.730917,0.806028,0.45127158154915803
N.W.A,rap,"Compton, CA, US",1998,2002,0.751206,0.800058,0.4279191298035522
Youssoupha,rap,France,2005,9999,0.531423,0.749536,0.5959621797259047
Usher,rap,"Atlanta, Georgia ",1991,9999,0.792643,0.764945,0.3687497867923573
Nicky Jam,rap,Puerto Rico,1994,9999,0.607155,0.940234,0.6641614692803306
Fugees,rap,"South Orange, NJ",2004,2005,0.673536,0.665909,0.4186305833039724
LL Cool J,rap,"Bay Shore, NY, US",1984,9999,0.735761,0.634285,0.35135607201334573
Jack Parow,rap,"Bellville, Cape Town, Western Cape, ZA",2010,9999,0.395855,0.627956,0.6010988004333309
Armand Van Helden,rap,"Boston, MA",1990,9999,0.653295,0.669595,0.4368954677048552
The Alchemist,rap,"Beverly Hills, CA",1993,9999,0.625543,0.631422,0.43248268288628955
Cartel De Santa,rap,"Santa Catarina, Mexico",1996,1996,0.521055,0.634811,0.5125483342054551
Sido,rap,"Ortsteil Prenzlauer Berg, Berlin, Berlin, DE",1997,9999,0.604509,0.8503,0.6032569715753499
Lil Jon,rap,"Atlanta, GA, US",1993,9999,0.706763,0.858894,0.5059898211610929
DJ BoBo,rap,"Kölliken, Canton of Aargau, CH",1989,9999,0.515954,0.639766,0.5204321089776907
Maître Gims,rap,"paris, france",2006,9999,0.458758,0.906027,0.7997875741325693
Bliss n Eso,rap,"Sydney, Australia ",2000,9999,0.566238,0.718173,0.5416094879933131
T.I.,rap,"Atlanta, GA",1996,9999,0.823452,0.751864,0.3313750648162339
Eminem,rap,"detroit, MI",1992,9999,0.884282,0.889624,0.3119768962643085
Kelis,rap,"New York, NY",1997,9999,0.682716,0.663834,0.4101163650082752
MC HotDog,rap,Taiwan,9999,9999,0.391086,0.664748,0.6363172346318147
Hurricane Chris,rap,"Shreveport, LA, US",2006,9999,0.548985,0.667383,0.5168165691685619
Kid Cudi,rap,"Brooklyn, NY",2003,9999,0.754709,0.673011,0.3570277585480991
Ice Cube,rap,"Los Angeles, CA",1984,9999,0.757212,0.816532,0.43060898044453894
Souls of Mischief,rap,"Oakland, CA, US",1991,9999,0.596964,0.551712,0.3962730610488883
Afroman,rap,"Palmdale, CA, US",1992,9999,0.449581,0.547441,0.489474477394169
JAW,rap,Canada,2000,2010,0.461759,0.599693,0.5271544237827195
Asa,rap,"Lagos, Lagos, NG",2000,9999,0.522955,0.60218,0.4848427357731279
TEDE,rap,"Warsaw, Masovian, PL",1996,9999,0.422885,0.594888,0.5518864834991061
Yung Joc,rap,"Atlanta, GA",2004,9999,0.607313,0.598767,0.4228460886226892
David Banner,rap,"Jackson, MS, US",1996,9999,0.626412,0.599006,0.4096723635059344
Krizz Kaliko,rap,"Kansas City, MO",1999,9999,0.550626,0.599232,0.4628846957318257
Mala Rodríguez,rap,"Jerez de la Frontera, Spain",1998,9999,0.563282,0.599259,0.45400539250163613
Swollen Members,rap,"Vancouver, Canada",1992,9999,0.570444,0.597364,0.44756090932798187
Aesop Rock,rap,"Northport, NY",1996,9999,0.655405,0.606829,0.3944397433528616
Manafest,rap,"Pickering, Canada",2000,9999,0.496813,0.594596,0.49731178435860857
Nate Dogg,rap,"Long Beach, CA, US",1992,2011,0.649554,0.590902,0.3881417974686702
Prozak,rap,"Saginaw, MI, US",1999,9999,0.538435,0.596008,0.46895206858106775
Mood Ruff,rap,"Ontario, CA",2000,2010,0.291042,0.32463,0.3107458222943521
G.T.W.,rap,none,9999,9999,0.193181,0.324447,0.31057064906489135
Graveyard Soldjas,rap,"Louisiana, US",1990,2010,0.227599,0.269818,0.2582780897631689
New Legends,rap,"Leeds, England, GB",9999,9999,0.285804,0.2709,0.25931381344774046
The Alumni,rap,United States,2000,9999,0.267952,0.272798,0.2611306374341702
Swiss Beats,rap,"Bronx, New York, NY, US",1994,9999,0.386752,0.272516,0.26086069835926334
Brother D,rap,"Louisiana, US",9999,9999,0.284078,0.293668,0.2811080434388005
Mighty Joseph,rap,"Brooklyn, Nova Scotia, CA",2000,2010,0.254379,0.288337,0.17805625067644473
The Third Estate,rap,"Rochester, NY, US",2003,9999,0.221814,0.285864,0.2736378145715205
Drilla,rap,"Maszewo, West Pomeranian, PL",9999,9999,0.275893,0.325029,0.31112775736842246
Little Bruce,rap,"Vallejo, CA, US",1989,2008,0.297905,0.417372,0.3995213176312674
Black Dynasty,rap,"London, England, GB",1980,2010,0.272381,0.351373,0.3363450445646841
S.B.,rap,"Pennsylvania, US",9999,9999,0.318257,0.34611,0.33130713906385184
P.K.O.,rap,"Texas, US",2000,2000,0.244114,0.37367,0.35768841886680397
Pat Cash,rap,"Melbourne, Victoria, AU",9999,9999,0.274634,0.363718,0.3481620583225739
Mac Shawn,rap,"Vallejo, CA, US",1994,1998,0.264561,0.370254,0.35441851858353535
Katastrophe,rap,"San Francisco, CA, US",1997,9999,0.377168,0.364958,0.3493490244675544
Pompa,rap,"Malmö, Skane, SE",1992,1995,0.311946,0.331172,0.1448553224435088
Crown J,rap,"Seoul, Seoul, KR",2006,9999,0.345823,0.314528,0.30107587713580997
Eighteen,rap,"Padang, West Sumatra, ID",9999,9999,0.316519,0.319523,0.3058572447924045
Menacide,rap,"Grand Rapids, MI, US",9999,9999,0.30709,0.320037,0.30634926140411417
Zu Ninjaz,rap,none,9999,9999,0.299545,0.320257,0.306559852171772
D.O.E.,rap,"Queens, New York, NY, US",2005,9999,0.324714,0.296851,0.2841549089545043
Jim Gittum,rap,"Los Angeles, CA, US",9999,9999,0.242376,0.295826,0.28317374742337126
Sacre Scuole,rap,Milan Italy,1999,9999,0.310825,0.303796,0.20289379621708697
Solé,rap,"Maryland, US",1993,9999,0.319932,0.301949,0.2890348713795932
Poverty,rap,"New England, US",1999,9999,0.322364,0.301694,0.28879077753526256
Spliff Star,rap,"Brooklyn, Brooklyn, LA, US",1996,9999,0.316155,0.293299,0.2807548252875926
Opus Akoben,rap,"Washington, DC, US",1990,2000,0.281146,0.293647,0.2810879415927968
Fort Nox,rap,"Stockholm, Stockholm, SE",9999,9999,0.177858,0.308377,0.2951879507182498
General Kane,rap,"Center City, Philadelphia, PA, US",1978,1988,0.214879,0.301511,0.2886156043058017
Conceit,rap,"Los Angeles, CA, US",2004,2007,0.288874,0.276474,0.2646494177155799
Panzers,rap,Spain,2003,9999,0.334868,0.286139,0.2739010530310927
Sylla,rap,La Ferté sous Jouarre,9999,9999,0.251598,0.285808,0.27358420964884395
Righteous B,rap,"Steubenville, OH, US",2000,2010,0.281901,0.274538,0.2627962189601912
Audible Thoughts,rap,"South Carolina, US",9999,9999,0.214592,0.266807,0.255395867938543
The Cartel,rap,"Chicago, IL, US",2003,9999,0.300861,0.309711,0.29646489655486585
Cash Money Millionaires,rap,"New Orleans, LA, US",1996,2001,0.393499,0.295739,0.2830904683470702
Stackwell,rap,"Seattle, WA, US",9999,9999,0.134806,0.29707,0.28436454249140003
Dante Spinetta,rap,"Autonomous City of Buenos Aires, AR",2002,9999,0.29656,0.301679,0.2887764190738313
Autnoyz,rap,"Steubenville, OH, US",2000,2000,0.211255,0.283273,0.2711576296669686
T-Style,rap,"Tennessee, US",9999,9999,0.249405,0.283291,0.2711748598206861
Pyranja,rap,"Rostock, Mecklenburg-Vorpommern, DE",1994,9999,0.331275,0.281807,0.26975432936975785
Coley Cole,rap,"Fresno, CA, US",2000,2010,0.263815,0.28142,0.2693838810648326
Soul Company,rap,"Mumbai, Maharashtra, IN",9999,9999,0.290183,0.324338,0.31046631091182453
The Devil'z Rejects,rap,Afghanistan,9999,9999,0.278753,0.318341,0.3047257980316248
Renz Julian,rap,"Oakland, CA, US",2000,2010,0.325712,0.32285,0.309041951537848
Birmingham J,rap,"Birmingham, England, GB",2000,2000,0.254302,0.262206,0.25099164920220834
Da Committee,rap,"Atlanta, GA, US",9999,9999,0.196415,0.261816,0.25061832920499677
Mike Saiz,rap,Texas,9999,9999,0.138577,0.261321,0.2501444999777667
Duke James,rap,"Chicago,Illinois,United States",9999,9999,0.16607,0.156052,0.03890195396120107
Dummys,rap,none,9999,9999,0.015813,0.073732,0.0
DJ Twinkiller & DJ Mbr,rap,none,9999,9999,0.118326,0.06799,0.0
Ashor,rap,none,9999,9999,0.036936,0.094762,0.017966461750476365
Double SOG,rap,none,9999,9999,0.0,0.0,0.0
Cerosiete,rap,none,9999,9999,0.0,0.0,0.0
GRZ : Tripple F,rap,none,9999,9999,0.0,0.0,0.0
E Class : Lil Keke : Paul Wall : Yung Redd,rap,none,9999,9999,0.0,0.0,0.0
Archie Lee : Coota Bang : E-Class : Yung Redd,rap,none,9999,9999,0.0,0.0,0.0
Gurlfriend,rap,"South Sioux City,Nebraska,United States",9999,9999,0.141921,0.0,0.0
Foundation Click,rap,"St. Petersburg, Saint Petersburg Federal City, RU",9999,9999,0.11633,0.0,0.006460350413284609
Atllas,rap,"Glendale, AZ, US",9999,9999,0.281061,0.3058,0.2927211670443671
Wreckelekt,rap,"San Francisco, CA, US",9999,9999,0.197996,0.31415,0.30071404390774337
Vonnie,rap,United States,9999,9999,0.191017,0.310149,0.2968841636286573
T-Ray,rap,"Fort Lauderdale, FL, US",9999,9999,0.345086,0.310763,0.2974719033165751
Under One Flag,rap,"Wilmington, NC, US",2007,9999,0.361,0.305541,0.2924732442769881
Inner City Posse,rap,"Delray, Detroit Michigan",1989,9999,0.352531,0.305394,0.1534970320859119
Jay Da Menace,rap,"New Orleans, LA, US",9999,9999,0.16989,0.307827,0.2946614737991053
Streetz-n-Young Deuces,rap,"Milwaukee, WI, US",2004,9999,0.264391,0.306123,0.29303035258051924
Tafs,rap,Switzerland,2010,9999,0.276593,0.309359,0.29612795132661335
Dub-L,rap,"New York, NY, US",1997,9999,0.308792,0.308904,0.2956924113298665
Buckwheat Boys,rap,"Miami, FL, US",1997,2002,0.288451,0.309316,0.29608679040384384
The Korn Kobblers,rap,none,1930,1950,0.197439,0.307284,0.2941416974952953
GFK,rap,"Quebec, Quebec, CA",1996,2009,0.376303,0.306402,0.29329741996313985
Unforgiven,rap,"Washington, DC, US",1985,1988,0.338317,0.305953,0.29286762335096544
Baby Ghatti,rap,"Tennessee, US",9999,9999,0.042801,0.252882,0.2420664295765652
B.A.H.,rap,none,9999,9999,0.111523,0.252809,0.2419965517309333
Lyricalz,rap,none,9999,9999,0.218902,0.247615,0.18158619574114818
Chola,rap,"Casa Grande,Arizona,United States",9999,9999,0.357463,0.249601,0.1011609625638347
The Mr Move,rap,"New York, NY, US",9999,9999,0.240614,0.245352,0.23485848193809533
Chlyklass,rap,Switzerland,2000,2010,0.335241,0.250756,0.240031356976381
Phillibustas,rap,none,9999,9999,0.262236,0.237671,0.22750599245455125
童子-T,rap,"Boston, MA, US",2000,9999,0.307926,0.237417,0.22726285584098266
Sun Zoo,rap,"Providence, RI, US",9999,9999,0.287645,0.254133,0.24326392525992852
Beta Erko,rap,none,2000,2010,0.179575,0.263633,0.252357617499698
Orthadox,rap,"Texas, US",9999,9999,0.236018,0.26157,0.2503828504375249
MTZ,rap,"Kielce, Swietokrzyskie, PL",9999,9999,0.190153,0.255605,0.24467296894171175
Hungry Mob,rap,"Portland, OR, US",9999,9999,0.167011,0.256584,0.245610097857789
Hard Knocks,rap,"Beverly Hills, CA, US",1990,2000,0.337266,0.256146,0.24519083078399753
Sleaze aka Hermes Trismegistus,rap,Great Britain / UK,9999,9999,0.226768,0.260996,0.24983339998009035
M.O.C,rap,"Bagneux, Ile-de-France, FR",2009,9999,0.228899,0.260927,0.2497673510575068
Rene Renegado,rap,none,9999,9999,0.114732,0.2608,0.24964578275072247
Country Boyz,rap,"Port Wentworth, GA, US",9999,9999,0.242235,0.260956,0.24979511074960717
The Rocturnals,rap,"Las Vegas, NV, US",2003,9999,0.22197,0.260074,0.24895083321745173
Den 10,rap,"New York, NY, US",9999,9999,0.216136,0.261065,0.24989944890267393
G Funk,rap,"Los Angeles, CA, US",9999,9999,0.460684,0.261288,0.23002887009892695
Picassos,rap,"Los Angeles, CA, US",9999,9999,0.233784,0.261275,0.25010046736271097
Gumz,rap,"New York, NY, US",9999,9999,0.271068,0.260223,0.24909346060100174
Sanyika Shakur,rap,"South Los Angeles, Los Angeles, CA, US",9999,9999,0.182498,0.255055,0.2441464920225672
Toney Parka,rap,"Upper Marlboro, MD, US",9999,9999,0.17436,0.254139,0.243269668644501
C.Flame,rap,"Michigan, US",9999,9999,0.167126,0.25387,0.24301217356950122
Tettris,rap,"Washington, DC, US",9999,9999,0.161316,0.253734,0.24288199018585824
Jair Dynast,rap,"New York, NY, US",2000,2010,0.308954,0.265544,0.2541868854860347
De 6 Apornas Armé,rap,none,9999,9999,0.236084,0.263209,0.12330197862013118
DJ Dutchmaster,rap,"South Carolina, US",9999,9999,0.201187,0.260884,0.24972619013473732
Samraw,rap,"California, US",2000,2010,0.172189,0.260419,0.24928107783036965
Big Tiny,rap,"Atlanta, GA, US",9999,9999,0.186014,0.263487,0.25221786180843414
Black Baudelaire,rap,"Barcelona, Catalonia, ES",9999,9999,0.156596,0.263963,0.2526735036511847
Mr. Dove,rap,"Portland, OR, US",9999,9999,0.094235,0.263726,0.2524466399605715
X-Tigers,rap,Edinburgh,2001,9999,0.159687,0.222019,0.1547877469808883
G.O.D. Pt. III,rap,United States,9999,9999,0.204042,0.238497,0.09290821289420749
DJ Food Stamp,rap,"Eugene, OR",9999,9999,0.258212,0.208565,0.07907731220371302
mcenroe & Birdapres,rap,none,9999,9999,0.165145,0.222581,0.2130613802547491
Flip Syde,rap,"San Francisco CA, United States",2003,9999,0.246256,0.21279,0.20368913386321413
Frukwan,rap,none,1990,2010,0.314566,0.210552,0.20154685141767684
Magnum 357,rap,"Quebec, Quebec, CA",9999,9999,0.224114,0.25991,0.24879384737247037
Da Block Burnerz,rap,none,9999,9999,0.067115,0.2601,0.2489757212172658
Loonies,rap,"Detroit, MI, US",2000,2000,0.245189,0.260427,0.24928873567646628
Chiyohood,rap,"Illinois, US",9999,9999,0.100628,0.258983,0.24790649445602136
Lyrical Giants,rap,Jamaica,9999,9999,0.072122,0.173717,0.16628725629642355
Anwar Superstar,rap,"Atlantic City, NJ, US",9999,9999,0.256044,0.169727,0.05668001861483358
Lady Soverign,rap,Wembley London England,2003,2009,0.33855,0.167899,0.06586878773723538
Medonas,rap,"Kaunas,Lithuania",9999,9999,0.205521,0.16311,0.09959254095742733
7th Floor Crew,rap,"Miami, Florida",9999,9999,0.324995,0.174898,0.04756115344110169
Fine Arts Militia,rap,"New York, NY, US",1986,9999,0.259459,0.195765,0.18739228013878523
My Cross to Bare,rap,"Essex, England, GB",9999,9999,0.184361,0.178012,0.13690397498136958
Panz Dominanz,rap,none,9999,9999,0.154159,0.172103,0.04148432491128026
54th Platoon,rap,"Cedar Hill, TX, US",1999,2003,0.255024,0.141826,0.05823484524862218
IGT,rap,"New York,United States",9999,9999,0.316767,0.141773,0.13570947683250836
The Perpatrator,rap,none,9999,9999,0.075934,0.131615,0.0107244201627306
Kon Artist,rap,"Detroit, MI, US",1996,9999,0.241385,0.118358,0.040488515147897045
La Demente Eme,rap,"Alicante, Valencia, ES",9999,9999,0.087191,0.115064,0.0
Kita3youn,rap,none,9999,9999,0.070061,0.109751,0.008764044231408911
West Coast Connections,rap,"Oyster Bay,New York,United States",9999,9999,0.042381,0.106331,0.09362291191609343
Mnemonic Ascent,rap,Australia,1999,2015,0.238436,0.186832,0.14550471063008502
Kasper From the K,rap,"Northern Territory, AU",1999,9999,0.266055,0.217101,0.20781575567854524
Karibik Frank,rap,none,9999,9999,0.208284,0.193399,0.06105490864865735
Poetic Hustla'z,rap,"Cleveland, OH, US",1995,9999,0.272668,0.19539,0.1132750803297658
Dru Down & Lee Majors,rap,none,9999,9999,0.071334,0.191639,0.18344274601443908
Mc Cool Whip,rap,"Strongsville, OH, US",9999,9999,0.28644,0.1888,0.18072516788089113
Faction of the Fox,rap,"Illinois, US",9999,9999,0.246235,0.188761,0.18068783588116996
All Kinds of Problems,rap,none,2000,2010,0.197592,0.188485,0.18042364019083562
Beand & Skep,rap,"Drachten, Friesland, NL",9999,9999,0.109432,0.127782,0.02584591865477874
1108 Thugz,rap,none,9999,9999,0.193078,0.118795,0.11371422838141133
Jakki da Motamouth,rap,"Ohio, US",1999,2010,0.324585,0.186635,0.17865276328098578
Corey Gunz,rap,"New Castle, PA, US",2003,9999,0.336998,0.179344,0.17167359379465327
Timjah,rap,Kotež Belgrade Serbia,1996,9999,0.199901,0.200615,0.19040006032736223
Voittajafiilis,rap,"Helsinki,Finland",9999,9999,0.263811,0.200285,0.11918746642196601
Polow Da Don,rap,"Atlanta, GA, US",1999,9999,0.431859,0.216727,0.19859291549065813
DJ N-Wee,rap,none,9999,9999,0.179643,0.208987,0.040408387003463275
Wild Disease,rap,none,9999,9999,0.222871,0.219295,0.20991591997055095
Krown Rulers,rap,"Virginia, US",1980,2000,0.223719,0.215111,0.20591086646200407
King Koopa,rap,"Houston, TX, US",9999,9999,0.322528,0.210305,0.08056821869935862
A-Dub,rap,"Tennessee, US",9999,9999,0.271581,0.217023,0.20774109167910293
Bruda Sven,rap,Germany,9999,9999,0.311995,0.209924,0.20094571049909
Hi-Tekk,rap,none,2001,2006,0.23951,0.199987,0.040697804553737914
Stimulated Dummies,rap,"New York, NY, US",9999,9999,0.177219,0.202068,0.08868691101049496
Boss Beats,rap,none,9999,9999,0.12985,0.098105,0.018078526733671538
Per V,rap,none,1991,9999,0.23066,0.102902,0.09100419267440221
Divine Mind,rap,"Kitchener, Ontario, CA",9999,9999,0.221171,0.101072,0.052549236755980944
Spesialisti,rap,none,9999,9999,0.188507,0.256942,0.24595278647061403
Aliso Black,rap,"California, US",9999,9999,0.11739,0.25669,0.2457115643185696
Bucc Rogerz,rap,"San Francisco, CA, US",9999,9999,0.16987,0.257349,0.246342379390781
Fresk,rap,"Chilecito, La Rioja, AR",2000,9999,0.245156,0.256112,0.2451582849380868
Dome & Dome,rap,none,9999,9999,0.015813,0.256112,0.2451582849380868
Schoolz of Thought,rap,"Philadelphia, PA, US",1990,2010,0.257561,0.255926,0.24498024001633975
I-ancient,rap,Trinidad and Tobago,9999,9999,0.193678,0.256343,0.2453794052441275
DeWieners,rap,Austria,9999,9999,0.224715,0.255303,0.2443838852515633
King-7,rap,"Ypsilanti, MI, US",9999,9999,0.128556,0.258983,0.24790649445602136
Brandon Carter,rap,"New York, NY, US",9999,9999,0.166775,0.25854,0.24748244122841945
Jay-Money,rap,"Florida, US",9999,9999,0.127687,0.263499,0.25222934857757906
Cleveland Steamers,rap,"Cleveland, OH, US",2006,9999,0.211896,0.263136,0.2518818738109437
PHORX,rap,"Portland, OR, US",9999,9999,0.138681,0.263727,0.25244759719133353
Fallan Soldier,rap,"Ontario, CA",9999,9999,0.255799,0.263643,0.25236718980731876
Steve-O,rap,"Invercargill, Southland, NZ",1999,9999,0.404018,0.263596,0.25094226334668185
Clifford Harris,rap,"Gaffney,South Carolina,United States",9999,9999,0.230855,0.25795,0.08551043332995142
Tomasi,rap,"Paris, Ile-de-France, FR",9999,9999,0.277693,0.25895,0.24787490584087266
Blacboy,rap,"New Orleans, LA, US",9999,9999,0.061434,0.258084,0.2470459440009105
Mr. Peebodie,rap,"California, US",9999,9999,0.140354,0.259288,0.24819844983845607
K-9 Posse,rap,"Teaneck, NJ, US",9999,9999,0.135802,0.228343,0.21857694390585974
Saas,rap,"Bangalore, India",1989,9999,0.256578,0.228965,0.12250001903202822
Ganksta C,rap,"California, US",9999,9999,0.206082,0.232964,0.12885956272141408
Ostmob,rap,none,9999,9999,0.195453,0.231275,0.04375262151212911
Killa Sharks,rap,none,9999,9999,0.146856,0.228449,0.21867841036664037
Bongo Man,rap,Detroit Michigan U.S.}},1983,9999,0.252392,0.227644,0.21790783960316518
Promolle MCs,rap,none,9999,9999,0.077968,0.201274,0.007259396848127871
PHIL ANASTASIA,rap,"New York, NY, US",9999,9999,0.195218,0.207858,0.19896807174463066
D.S.G.B.,rap,none,9999,9999,0.218406,0.2054,0.06200953096470162
Color Changin' Click,rap,"Houston, TX, US",1997,2005,0.256109,0.219637,0.16607836498336684
